-- MySQL dump 10.13  Distrib 5.6.26, for Linux (x86_64)
--
-- Host: localhost    Database: budget
-- ------------------------------------------------------
-- Server version	5.6.26

/*!40101 SET @OLD_CHARACTER_SET_CLIENT=@@CHARACTER_SET_CLIENT */;
/*!40101 SET @OLD_CHARACTER_SET_RESULTS=@@CHARACTER_SET_RESULTS */;
/*!40101 SET @OLD_COLLATION_CONNECTION=@@COLLATION_CONNECTION */;
/*!40101 SET NAMES utf8 */;
/*!40103 SET @OLD_TIME_ZONE=@@TIME_ZONE */;
/*!40103 SET TIME_ZONE='+00:00' */;
/*!40014 SET @OLD_UNIQUE_CHECKS=@@UNIQUE_CHECKS, UNIQUE_CHECKS=0 */;
/*!40014 SET @OLD_FOREIGN_KEY_CHECKS=@@FOREIGN_KEY_CHECKS, FOREIGN_KEY_CHECKS=0 */;
/*!40101 SET @OLD_SQL_MODE=@@SQL_MODE, SQL_MODE='NO_AUTO_VALUE_ON_ZERO' */;
/*!40111 SET @OLD_SQL_NOTES=@@SQL_NOTES, SQL_NOTES=0 */;

--
-- Table structure for table `accounts`
--

DROP TABLE IF EXISTS `accounts`;
/*!40101 SET @saved_cs_client     = @@character_set_client */;
/*!40101 SET character_set_client = utf8 */;
CREATE TABLE `accounts` (
  `id` int(11) NOT NULL AUTO_INCREMENT,
  `name` varchar(100) NOT NULL DEFAULT '',
  `created_date` timestamp NULL DEFAULT NULL,
  PRIMARY KEY (`id`)
) ENGINE=InnoDB AUTO_INCREMENT=3 DEFAULT CHARSET=latin1;
/*!40101 SET character_set_client = @saved_cs_client */;

--
-- Dumping data for table `accounts`
--

LOCK TABLES `accounts` WRITE;
/*!40000 ALTER TABLE `accounts` DISABLE KEYS */;
INSERT INTO `accounts` VALUES (1,'My Account','2018-03-09 15:25:56'),(2,'Extras','2018-03-14 12:51:30');
/*!40000 ALTER TABLE `accounts` ENABLE KEYS */;
UNLOCK TABLES;

--
-- Table structure for table `categories`
--

DROP TABLE IF EXISTS `categories`;
/*!40101 SET @saved_cs_client     = @@character_set_client */;
/*!40101 SET character_set_client = utf8 */;
CREATE TABLE `categories` (
  `id` int(11) NOT NULL AUTO_INCREMENT,
  `parent_category_id` int(11) DEFAULT NULL COMMENT 'Parent category if any',
  `name` varchar(100) NOT NULL,
  `category_path` text COMMENT 'The path of Ids of parent categories if any.',
  `created_date` timestamp NULL DEFAULT NULL,
  PRIMARY KEY (`id`)
) ENGINE=InnoDB AUTO_INCREMENT=63 DEFAULT CHARSET=latin1;
/*!40101 SET character_set_client = @saved_cs_client */;

--
-- Dumping data for table `categories`
--

LOCK TABLES `categories` WRITE;
/*!40000 ALTER TABLE `categories` DISABLE KEYS */;
INSERT INTO `categories` VALUES (1,NULL,'Food & Drinks',NULL,'2018-03-13 18:27:16'),(2,1,'Food & Drinks','1/2','2018-03-13 18:27:16'),(3,NULL,'Shopping',NULL,'2018-03-13 18:27:16'),(4,3,'Home, garden','3/4','2018-03-13 18:27:16'),(5,NULL,'Financial Expenses',NULL,'2018-03-13 18:27:16'),(6,5,'Charges, Fees','5/6','2018-03-13 18:27:16'),(7,NULL,'Investments',NULL,'2018-03-13 18:27:16'),(8,7,'Collections','7/8','2018-03-13 18:27:16'),(9,NULL,'Communication, PC',NULL,'2018-03-13 18:27:16'),(10,9,'Phone, cell phone','9/10','2018-03-13 18:27:16'),(11,9,'Internet','9/11','2018-03-13 18:27:16'),(12,3,'Drug-store, chemist','3/12','2018-03-13 18:27:16'),(13,5,'Pocket Money','5/13','2018-03-13 18:27:16'),(14,NULL,'Life & Entertainment',NULL,'2018-03-13 18:27:16'),(15,14,'Medicine','14/15','2018-03-13 18:27:16'),(16,1,'Groceries','1/16','2018-03-13 18:27:16'),(17,NULL,'Housing',NULL,'2018-03-13 18:27:16'),(18,17,'Energy, Utility Bills','17/18','2018-03-13 18:27:16'),(19,14,'Government Registration Charges','14/19','2018-03-13 18:27:16'),(20,14,'Health care, doctor','14/20','2018-03-13 18:27:16'),(21,14,'Charity, gifts','14/21','2018-03-13 18:27:16'),(22,3,'Clothes & shoes','3/22','2018-03-13 18:27:16'),(23,NULL,'Income',NULL,'2018-03-13 18:27:16'),(24,23,'Wage, invoices','23/24','2018-03-13 18:27:16'),(25,9,'Software, apps, games','9/25','2018-03-13 18:27:16'),(26,14,'Wellness, beauty','14/26','2018-03-13 18:27:16'),(27,NULL,'Vehicle',NULL,'2018-03-13 18:27:16'),(28,27,'Fuel','27/28','2018-03-13 18:27:16'),(29,NULL,'Transportation',NULL,'2018-03-13 18:27:16'),(30,29,'Courier Services','29/30','2018-03-13 18:27:16'),(31,27,'Vehicle maintenance','27/31','2018-03-13 18:27:16'),(32,1,'Restaurant, fast-food','1/32','2018-03-13 18:27:16'),(33,3,'Toys','3/33','2018-03-13 18:27:16'),(34,3,'Gifts, joy','3/34','2018-03-13 18:27:16'),(35,27,'Vehicle Installment','27/35','2018-03-13 18:27:16'),(36,3,'Stationery, tools','3/36','2018-03-13 18:27:16'),(37,14,'Holiday, trips, hotels','14/37','2018-03-13 18:27:16'),(38,3,'Electronics, accessories','3/38','2018-03-13 18:27:16'),(39,29,'Long distance','29/39','2018-03-13 18:27:16'),(40,29,'Taxi','29/40','2018-03-13 18:27:16'),(41,29,'Transportation (Others)','29/41','2018-03-13 18:27:16'),(42,27,'Parking','27/42','2018-03-13 18:27:16'),(43,5,'Advisory','5/43','2018-03-13 18:27:16'),(44,14,'Life events','14/44','2018-03-13 18:27:16'),(45,17,'Hardware Accessories','17/45','2018-03-13 18:27:16'),(46,14,'Health and beauty','14/46','2018-03-13 18:27:16'),(47,3,'Kids','3/47','2018-03-13 18:27:16'),(48,17,'Energy, utilities','17/48','2018-03-13 18:27:16'),(49,14,'Books, audio, subscriptions','14/49','2018-03-13 18:27:16'),(50,14,'Life & Entertainment (Others)','14/50','2018-03-13 18:27:16'),(51,5,'Loan, interests','5/51','2018-03-13 18:27:16'),(52,23,'Income (Others)','23/52','2018-03-13 18:27:16'),(53,3,'Jewels, accessories','3/53','2018-03-13 18:27:16'),(54,29,'Public transport','29/54','2018-03-13 18:27:16'),(55,5,'Taxes','5/55','2018-03-13 18:27:16'),(56,3,'Shopping (Others)','3/56','2018-03-13 18:27:16'),(57,14,'Education, development','14/57','2018-03-13 18:27:16'),(58,17,'Maintenance, repairs','17/58','2018-03-13 18:27:16'),(59,NULL,'Others',NULL,'2018-03-13 18:27:16'),(60,5,'Financial expenses (Others)','5/60','2018-03-13 18:27:16'),(61,5,'Fines','5/61','2018-03-13 18:27:16'),(62,14,'TV, Streaming','14/62','2018-03-13 18:27:16');
/*!40000 ALTER TABLE `categories` ENABLE KEYS */;
UNLOCK TABLES;

--
-- Table structure for table `currencies`
--

DROP TABLE IF EXISTS `currencies`;
/*!40101 SET @saved_cs_client     = @@character_set_client */;
/*!40101 SET character_set_client = utf8 */;
CREATE TABLE `currencies` (
  `id` int(11) NOT NULL AUTO_INCREMENT,
  `name` varchar(100) DEFAULT NULL COMMENT 'Currency full name',
  `code` varchar(5) DEFAULT NULL COMMENT 'Currency Code',
  `created_date` timestamp NULL DEFAULT NULL,
  PRIMARY KEY (`id`)
) ENGINE=InnoDB AUTO_INCREMENT=2 DEFAULT CHARSET=latin1;
/*!40101 SET character_set_client = @saved_cs_client */;

--
-- Dumping data for table `currencies`
--

LOCK TABLES `currencies` WRITE;
/*!40000 ALTER TABLE `currencies` DISABLE KEYS */;
INSERT INTO `currencies` VALUES (1,'PKR','PKR','2018-03-09 15:32:26');
/*!40000 ALTER TABLE `currencies` ENABLE KEYS */;
UNLOCK TABLES;

--
-- Table structure for table `migrations`
--

DROP TABLE IF EXISTS `migrations`;
/*!40101 SET @saved_cs_client     = @@character_set_client */;
/*!40101 SET character_set_client = utf8 */;
CREATE TABLE `migrations` (
  `id` int(10) unsigned NOT NULL AUTO_INCREMENT,
  `migration` varchar(255) COLLATE utf8mb4_unicode_ci NOT NULL,
  `batch` int(11) NOT NULL,
  PRIMARY KEY (`id`)
) ENGINE=InnoDB AUTO_INCREMENT=5 DEFAULT CHARSET=utf8mb4 COLLATE=utf8mb4_unicode_ci;
/*!40101 SET character_set_client = @saved_cs_client */;

--
-- Dumping data for table `migrations`
--

LOCK TABLES `migrations` WRITE;
/*!40000 ALTER TABLE `migrations` DISABLE KEYS */;
INSERT INTO `migrations` VALUES (1,'2014_10_12_100000_create_password_resets_table',1),(2,'2018_03_09_142214_create_categories_table',2),(3,'2018_03_09_133801_create_records_table',3),(4,'2018_04_02_113700_update_users_table_for_auth',4);
/*!40000 ALTER TABLE `migrations` ENABLE KEYS */;
UNLOCK TABLES;

--
-- Table structure for table `password_resets`
--

DROP TABLE IF EXISTS `password_resets`;
/*!40101 SET @saved_cs_client     = @@character_set_client */;
/*!40101 SET character_set_client = utf8 */;
CREATE TABLE `password_resets` (
  `email` varchar(255) COLLATE utf8mb4_unicode_ci NOT NULL,
  `token` varchar(255) COLLATE utf8mb4_unicode_ci NOT NULL,
  `created_at` timestamp NULL DEFAULT NULL
) ENGINE=InnoDB DEFAULT CHARSET=utf8mb4 COLLATE=utf8mb4_unicode_ci;
/*!40101 SET character_set_client = @saved_cs_client */;

--
-- Dumping data for table `password_resets`
--

LOCK TABLES `password_resets` WRITE;
/*!40000 ALTER TABLE `password_resets` DISABLE KEYS */;
/*!40000 ALTER TABLE `password_resets` ENABLE KEYS */;
UNLOCK TABLES;

--
-- Table structure for table `records`
--

DROP TABLE IF EXISTS `records`;
/*!40101 SET @saved_cs_client     = @@character_set_client */;
/*!40101 SET character_set_client = utf8 */;
CREATE TABLE `records` (
  `id` int(11) NOT NULL AUTO_INCREMENT,
  `account_id` int(11) NOT NULL COMMENT 'Foreign Key for `Accounts`',
  `category_id` int(11) NOT NULL COMMENT 'Foreign Key for `Categories`',
  `currency_id` int(11) NOT NULL COMMENT 'Foreign key for `Currencies`',
  `amount` double NOT NULL DEFAULT '0' COMMENT 'Amount spent or received',
  `type` enum('expenses','income') NOT NULL DEFAULT 'expenses',
  `payment_type` enum('cash','debit card','credit card','transfer','web payment','mobile payment','voucher') DEFAULT 'cash',
  `note` text COMMENT 'Any details regarding the things purchased',
  `date` datetime DEFAULT NULL,
  `gps_latitude` double DEFAULT NULL,
  `gps_longitude` double DEFAULT NULL,
  `payee` varchar(255) DEFAULT NULL,
  `labels` varchar(500) DEFAULT NULL COMMENT 'Any labels involved',
  PRIMARY KEY (`id`)
) ENGINE=InnoDB AUTO_INCREMENT=1619 DEFAULT CHARSET=latin1;
/*!40101 SET character_set_client = @saved_cs_client */;

--
-- Dumping data for table `records`
--

LOCK TABLES `records` WRITE;
/*!40000 ALTER TABLE `records` DISABLE KEYS */;
INSERT INTO `records` VALUES (1,1,15,1,-480,'expenses','cash','D-Max Tab','2018-03-12 22:45:00',NULL,NULL,NULL,NULL),(2,1,2,1,-240,'expenses','cash','Ice Cream','2018-03-12 22:35:00',NULL,NULL,NULL,NULL),(3,1,2,1,-40,'expenses','cash','Ice Cream','2018-03-12 22:30:00',NULL,NULL,NULL,NULL),(4,1,2,1,-100,'expenses','cash','Lunch','2018-03-12 11:30:24',31.5214,74.34783,NULL,NULL),(5,1,4,1,-725,'expenses','mobile payment','Spray Canon from Daraz.pk','2018-03-11 19:15:40',31.54958,74.28878,NULL,NULL),(6,1,6,1,-20,'expenses','cash','Toll Tax','2018-03-11 17:00:50',31.54958,74.28878,NULL,NULL),(7,1,2,1,-40,'expenses','cash','Cigs','2018-03-11 02:57:08',NULL,NULL,NULL,NULL),(8,1,2,1,-100,'expenses','cash','Lays, Chocolate','2018-03-11 02:55:13',NULL,NULL,NULL,NULL),(9,1,8,1,-5000,'expenses','cash','Balance Savings','2018-03-10 01:00:12',31.44201,74.24264,NULL,NULL),(10,1,2,1,-80,'expenses','cash','Juice','2018-03-10 00:30:21',31.44202,74.24264,NULL,NULL),(11,1,2,1,-460,'expenses','cash','Jam-e-Sheeren, Donuts, Sprite','2018-03-10 00:15:29',31.44202,74.24265,NULL,NULL),(12,1,2,1,-96,'expenses','cash','Chips, Sprite','2018-03-09 14:00:39',31.44204,74.24265,NULL,NULL),(13,1,10,1,-481,'expenses','web payment','Telenor Bill','2018-03-08 14:30:39',31.52142,74.34781,NULL,NULL),(14,1,11,1,-1500,'expenses','web payment','','2018-03-08 14:25:02',31.52142,74.34781,NULL,NULL),(15,1,2,1,-240,'expenses','cash','Coke, Biscuits','2018-03-07 22:05:31',31.442,74.24268,NULL,NULL),(16,1,12,1,-150,'expenses','cash','Matt','2018-03-07 22:00:08',31.44201,74.24264,NULL,NULL),(17,1,2,1,-100,'expenses','cash','Lunch','2018-03-07 11:30:48',31.44201,74.24264,NULL,NULL),(18,1,13,1,-10000,'expenses','cash','Given to Shumaila (4300), Given to Ammi (3000)','2018-03-06 23:15:57',31.44204,74.24265,NULL,NULL),(19,1,15,1,-50,'expenses','cash','Acefyl','2018-03-06 23:15:29',NULL,NULL,NULL,NULL),(20,1,16,1,-31000,'expenses','cash','Given to Daddy','2018-03-06 22:00:25',31.44201,74.24264,NULL,NULL),(21,1,2,1,-100,'expenses','cash','Rusk','2018-03-06 21:45:44',NULL,NULL,NULL,NULL),(22,1,18,1,-1947,'expenses','transfer','Electricity Bill','2018-03-06 17:00:15',31.52142,74.34781,NULL,NULL),(23,1,2,1,-100,'expenses','cash','Given to Shumaila','2018-03-06 13:20:43',31.52142,74.34781,NULL,NULL),(24,1,16,1,-4000,'expenses','cash','Given to Daddy','2018-03-06 13:15:43',31.52141,74.34782,NULL,NULL),(25,1,6,1,-15,'expenses','transfer','ATM Fees','2018-03-06 12:35:05',31.52141,74.34782,NULL,NULL),(26,1,19,1,-1000,'expenses','cash','Mustafa\'s Birth certificate modification','2018-03-06 12:30:32',31.52142,74.34781,NULL,NULL),(27,1,2,1,-90,'expenses','cash','French Fries','2018-03-06 00:45:16',31.52142,74.34781,NULL,NULL),(28,1,2,1,-300,'expenses','cash','Tender Pops, Opa Fries','2018-03-06 00:30:59',31.52142,74.34781,NULL,NULL),(29,1,20,1,-1200,'expenses','cash','Shumaila\'s Checkup and Ultrasound','2018-03-05 22:00:14',31.44471,74.27827,NULL,NULL),(30,1,21,1,-30,'expenses','cash','','2018-03-05 21:00:08',31.44341,74.24013,NULL,NULL),(31,2,2,1,-50,'expenses','cash','Samosay','2018-03-05 17:00:27',31.52142,74.34785,NULL,NULL),(32,1,2,1,-50,'expenses','cash','Samosay','2018-03-05 17:00:00',31.52142,74.34785,NULL,NULL),(33,1,22,1,-1607,'expenses','credit card','Mustafa\'s Clothes, Shumaila\'s back support from China','2018-03-05 15:15:01',31.52141,74.34784,NULL,NULL),(34,1,24,1,90000,'income','cash','','2018-03-05 15:00:23',31.52142,74.34781,NULL,NULL),(35,1,2,1,-70,'expenses','cash','Lays, Water','2018-03-05 11:30:58',31.52142,74.34785,NULL,NULL),(36,1,2,1,-65,'expenses','cash','Sprite, Cheetos','2018-03-03 21:35:23',31.44201,74.24241,NULL,NULL),(37,1,4,1,-455,'expenses','cash','Mospel, Matt Heater','2018-03-03 21:30:35',31.44201,74.24241,NULL,NULL),(38,1,2,1,-250,'expenses','cash','Samosay, Chips','2018-03-03 19:00:18',31.44201,74.24241,NULL,NULL),(39,1,2,1,-70,'expenses','cash','Aalo chanay','2018-03-03 18:45:27',31.44201,74.24241,NULL,NULL),(40,1,2,1,-30,'expenses','cash','Aalo tikki','2018-03-02 14:00:50',31.52114,74.34732,NULL,NULL),(41,1,2,1,-70,'expenses','cash','Lunch','2018-03-02 11:25:26',31.52121,74.3482,NULL,NULL),(42,1,25,1,-59,'expenses','cash','Domain purchase by Aurangzeb','2018-03-01 18:00:40',NULL,NULL,NULL,NULL),(43,1,2,1,-10,'expenses','cash','Lunch','2018-03-01 11:30:44',31.52127,74.34815,NULL,NULL),(44,1,15,1,-510,'expenses','cash','Duphaston 10mg','2018-02-28 23:45:41',31.45881,74.24482,NULL,NULL),(45,1,2,1,-120,'expenses','cash','Smart Beans','2018-02-28 23:40:02',31.45871,74.24499,NULL,NULL),(46,1,21,1,-10,'expenses','cash','','2018-02-28 11:45:15',31.44208,74.24252,NULL,NULL),(47,1,2,1,-350,'expenses','cash','Jam-e-Sheeren, Kinder Joy, Nimko','2018-02-27 22:30:57',NULL,NULL,NULL,NULL),(48,1,15,1,-50,'expenses','cash','Depricap Capsule','2018-02-26 16:00:02',NULL,NULL,NULL,NULL),(49,1,2,1,-10,'expenses','cash','Lunch','2018-02-26 11:30:56',NULL,NULL,NULL,NULL),(50,1,2,1,-75,'expenses','cash','Rabri Milk','2018-02-26 00:00:54',NULL,NULL,NULL,NULL),(51,1,15,1,-770,'expenses','cash','Ferte Injection 3000cc','2018-02-25 23:30:27',NULL,NULL,NULL,NULL),(52,1,2,1,-300,'expenses','cash','Milk, Chocolate','2018-02-25 12:30:23',NULL,NULL,NULL,NULL),(53,1,2,1,-90,'expenses','cash','Coke','2018-02-24 21:45:15',31.44167,74.27629,NULL,NULL),(54,1,2,1,-85,'expenses','cash','Fries','2018-02-24 21:30:09',31.44167,74.27629,NULL,NULL),(55,1,2,1,-280,'expenses','cash','Golgappay','2018-02-24 20:30:25',31.46008,74.30344,NULL,NULL),(56,1,2,1,-20,'expenses','cash','Lays','2018-02-24 16:00:42',NULL,NULL,NULL,NULL),(57,1,26,1,-140,'expenses','cash','Mine and Mustafa\'s Hair Cutting','2018-02-24 15:30:32',NULL,NULL,NULL,NULL),(58,1,6,1,-90,'expenses','transfer','Interbank Fund Transfer Charges','2018-02-24 14:08:25',NULL,NULL,NULL,NULL),(59,1,2,1,-270,'expenses','cash','Milk, Chocolate','2018-02-24 11:30:15',NULL,NULL,NULL,NULL),(60,1,2,1,-50,'expenses','cash','Lunch','2018-02-23 11:30:16',31.52129,74.34803,NULL,NULL),(61,1,22,1,-1074,'expenses','debit card','Diapers','2018-02-22 20:45:43',31.52129,74.34803,NULL,NULL),(62,1,2,1,-40,'expenses','cash','Cigs','2018-02-22 13:30:06',31.52129,74.34803,NULL,NULL),(63,1,2,1,-100,'expenses','cash','Lunch','2018-02-22 11:30:30',31.52132,74.34806,NULL,NULL),(64,1,2,1,-100,'expenses','cash','Biscuits, Sprite','2018-02-21 23:30:47',NULL,NULL,NULL,NULL),(65,1,21,1,-20,'expenses','cash','','2018-02-21 20:35:00',NULL,NULL,NULL,NULL),(66,1,28,1,-2660,'expenses','cash','','2018-02-21 20:30:08',31.52132,74.34806,NULL,NULL),(67,1,2,1,-50,'expenses','cash','Sprite','2018-02-20 20:50:48',31.44207,74.24268,NULL,NULL),(68,1,15,1,-1141,'expenses','cash','Indofer (236), Ostegem Tab (540)','2018-02-20 20:45:56',NULL,NULL,NULL,NULL),(69,1,15,1,-364,'expenses','cash','ABC Toothpaste, Almond Oil','2018-02-20 20:15:03',NULL,NULL,NULL,NULL),(70,1,2,1,-100,'expenses','cash','Lunch','2018-02-20 11:30:05',31.52137,74.34761,NULL,NULL),(71,1,2,1,-130,'expenses','cash','Milk','2018-02-20 00:34:57',NULL,NULL,NULL,NULL),(72,1,2,1,-90,'expenses','cash','Fries','2018-02-20 00:15:47',NULL,NULL,NULL,NULL),(73,1,19,1,-1000,'expenses','cash','For attestation of Shumaila\'s documents from Lahore Board','2018-02-19 23:55:59',NULL,NULL,NULL,'Given To Azeem'),(74,1,21,1,-30,'expenses','cash','','2018-02-19 22:05:28',NULL,NULL,NULL,NULL),(75,1,6,1,-40,'expenses','cash','Toll Tax','2018-02-19 22:00:19',31.4447,74.248,NULL,NULL),(76,1,30,1,-350,'expenses','cash','Courier of Harddisk','2018-02-19 13:30:49',NULL,NULL,NULL,NULL),(77,1,2,1,-100,'expenses','cash','Lunch','2018-02-19 11:30:58',NULL,NULL,NULL,NULL),(78,1,2,1,-180,'expenses','cash','Dahi Bhalay','2018-02-18 21:30:25',31.46085,74.24462,NULL,NULL),(79,1,2,1,-595,'expenses','cash','Seekh Kebab, Ice Cream','2018-02-18 21:16:37',NULL,NULL,NULL,NULL),(80,1,28,1,-70,'expenses','cash','in Motorcycle','2018-02-18 21:15:42',31.4612,74.24439,NULL,NULL),(81,1,2,1,-500,'expenses','cash','Popcorns, Lays, Coke','2018-02-18 18:15:29',NULL,NULL,NULL,NULL),(82,1,2,1,-100,'expenses','cash','Lays, Sprite','2018-02-18 16:00:35',NULL,NULL,NULL,NULL),(83,1,2,1,-200,'expenses','cash','Samosay','2018-02-17 21:00:48',NULL,NULL,NULL,NULL),(84,1,31,1,-3000,'expenses','cash','Oil Filter, Oil For Daddy\'s Car','2018-02-17 20:30:53',NULL,NULL,NULL,NULL),(85,1,31,1,-300,'expenses','cash','Daddy\'s Car wash','2018-02-17 19:05:43',NULL,NULL,NULL,NULL),(86,1,2,1,-30,'expenses','cash','Lays','2018-02-17 19:00:57',NULL,NULL,NULL,NULL),(87,1,6,1,-15,'expenses','transfer','ATM Fees','2018-02-17 18:55:03',NULL,NULL,NULL,NULL),(88,1,4,1,-2500,'expenses','cash','Laptop Table','2018-02-17 16:30:07',NULL,NULL,NULL,NULL),(89,1,31,1,-1000,'expenses','cash','Gear oil leakage, Door lock, Engine issue, Belt','2018-02-16 23:45:58',NULL,NULL,NULL,NULL),(90,1,15,1,-500,'expenses','cash','Duphaston 10mg','2018-02-15 23:45:23',NULL,NULL,NULL,NULL),(91,1,32,1,-2161,'expenses','debit card','Dinner at Gourmet','2018-02-15 23:30:04',NULL,NULL,NULL,NULL),(92,1,33,1,-1250,'expenses','cash','Mustafa\'s Dinky Set','2018-02-15 22:30:07',NULL,NULL,NULL,NULL),(93,1,2,1,-200,'expenses','cash','PopNosh Popcorns','2018-02-15 22:00:32',NULL,NULL,NULL,NULL),(94,1,34,1,-500,'expenses','cash','Shumaila\'s Jewelry box','2018-02-14 22:50:52',NULL,NULL,NULL,NULL),(95,1,2,1,-1024,'expenses','credit card','Body Wash (145), Lays, Biscuits, AA Batteries (240), Foot filer (70)','2018-02-14 22:45:23',NULL,NULL,NULL,NULL),(96,1,25,1,-230,'expenses','credit card','Wallet subscription','2018-02-13 23:30:40',NULL,NULL,NULL,NULL),(97,1,21,1,-20,'expenses','credit card','','2018-02-13 20:00:23',NULL,NULL,NULL,NULL),(98,1,2,1,-50,'expenses','cash','Samosay','2018-02-13 18:00:58',NULL,NULL,NULL,NULL),(99,1,10,1,-744,'expenses','cash','Telenor Bill','2018-02-13 17:00:45',NULL,NULL,NULL,NULL),(100,1,2,1,-20,'expenses','cash','Lunch','2018-02-13 11:30:00',NULL,NULL,NULL,NULL),(101,1,2,1,-20,'expenses','cash','Lunch','2018-02-12 11:30:54',NULL,NULL,NULL,NULL),(102,2,35,1,-25000,'expenses','credit card','','2018-02-11 21:04:25',31.43547,74.25952,NULL,NULL),(103,1,2,1,-100,'expenses','cash','Coke, Sabzi','2018-02-11 19:30:47',NULL,NULL,NULL,NULL),(104,1,19,1,-1000,'expenses','cash','','2018-02-11 18:00:12',NULL,NULL,NULL,'Given To Azeem'),(105,1,2,1,-170,'expenses','cash','Samosay','2018-02-11 18:00:11',NULL,NULL,NULL,NULL),(106,1,36,1,-60,'expenses','cash','Photocopy of Documents','2018-02-11 17:30:27',NULL,NULL,NULL,NULL),(107,1,2,1,-80,'expenses','cash','Kernelpop Popcorns','2018-02-11 00:15:27',NULL,NULL,NULL,NULL),(108,1,2,1,-200,'expenses','cash','Fruits','2018-02-10 19:00:56',NULL,NULL,NULL,NULL),(109,1,31,1,-240,'expenses','cash','Car wash','2018-02-10 18:30:01',NULL,NULL,NULL,NULL),(110,1,8,1,-11000,'expenses','cash','Balance Savings','2018-02-10 13:04:47',NULL,NULL,NULL,NULL),(111,1,21,1,-40,'expenses','cash','','2018-02-09 23:05:45',NULL,NULL,NULL,NULL),(112,1,2,1,-285,'expenses','cash','Shake, Fries from Fri-Chicks','2018-02-09 23:00:38',NULL,NULL,NULL,NULL),(113,1,15,1,-770,'expenses','cash','Injection','2018-02-09 22:30:53',NULL,NULL,NULL,NULL),(114,1,28,1,-2630,'expenses','cash','','2018-02-09 21:00:14',NULL,NULL,NULL,NULL),(115,1,2,1,-150,'expenses','cash','Cigs','2018-02-09 14:00:21',NULL,NULL,NULL,NULL),(116,1,2,1,-100,'expenses','cash','Lunch','2018-02-09 11:30:46',NULL,NULL,NULL,NULL),(117,1,21,1,-20,'expenses','cash','','2018-02-08 20:45:04',NULL,NULL,NULL,NULL),(118,1,13,1,-4000,'expenses','cash','Given to Shumaila (2000), Given to Ammi (2000)','2018-02-08 10:30:40',NULL,NULL,NULL,NULL),(119,1,15,1,-267,'expenses','cash','Myfol','2018-02-08 00:05:49',NULL,NULL,NULL,NULL),(120,1,33,1,-1595,'expenses','cash','Mustafa\'s Dough Toys','2018-02-07 23:55:44',NULL,NULL,NULL,NULL),(121,1,2,1,-20,'expenses','cash','Cigs','2018-02-07 11:30:56',NULL,NULL,NULL,NULL),(122,1,16,1,-30000,'expenses','cash','Given to Daddy','2018-02-07 01:00:55',NULL,NULL,NULL,NULL),(123,1,34,1,-2000,'expenses','cash','Birthday gift for Almas','2018-02-06 19:30:41',NULL,NULL,NULL,NULL),(124,1,2,1,-20,'expenses','cash','Cigs','2018-02-06 18:30:05',NULL,NULL,NULL,NULL),(125,1,18,1,-3379,'expenses','transfer','Electricity Bill','2018-02-06 14:38:26',NULL,NULL,NULL,NULL),(126,1,11,1,-1500,'expenses','transfer','','2018-02-06 14:37:56',NULL,NULL,NULL,NULL),(127,1,2,1,-100,'expenses','cash','Lunch','2018-02-06 14:37:39',NULL,NULL,NULL,NULL),(128,1,28,1,-1000,'expenses','cash','','2018-02-06 14:37:02',NULL,NULL,NULL,NULL),(129,1,21,1,-60,'expenses','cash','','2018-02-05 15:50:00',NULL,NULL,NULL,NULL),(130,1,2,1,-740,'expenses','cash','Fruits','2018-02-05 15:35:19',NULL,NULL,NULL,NULL),(131,1,15,1,-540,'expenses','cash','Duphaston 10mg','2018-02-05 15:30:55',NULL,NULL,NULL,NULL),(132,1,24,1,90000,'income','transfer','','2018-02-05 15:00:59',NULL,NULL,NULL,NULL),(133,1,32,1,-1200,'expenses','cash','Dinner at Port Grand Karachi','2018-02-05 00:30:37',NULL,NULL,NULL,NULL),(134,1,37,1,-350,'expenses','cash','Visit to Quaid-e-Azam House','2018-02-04 15:15:46',NULL,NULL,NULL,NULL),(135,1,38,1,-650,'expenses','cash','Watch cell','2018-02-04 15:00:57',NULL,NULL,NULL,NULL),(136,1,15,1,-75,'expenses','cash','Lexoberon','2018-02-03 23:50:00',NULL,NULL,NULL,NULL),(137,1,21,1,-30,'expenses','cash','','2018-02-03 19:30:23',NULL,NULL,NULL,NULL),(138,1,2,1,-300,'expenses','cash','OPTP Chips','2018-02-03 18:00:05',NULL,NULL,NULL,NULL),(139,1,37,1,-150,'expenses','cash','Tickets for Mohatta Palace','2018-02-03 16:30:55',NULL,NULL,NULL,NULL),(140,1,37,1,-240,'expenses','cash','Tickets for Maritime Park','2018-02-02 17:00:15',NULL,NULL,NULL,NULL),(141,1,21,1,-10,'expenses','cash','','2018-02-01 23:45:41',NULL,NULL,NULL,NULL),(142,2,39,1,-41500,'expenses','credit card','From Karachi to Lahore (Rs.61,500)','2018-02-01 21:30:27',NULL,NULL,NULL,NULL),(143,1,6,1,-116,'expenses','transfer','Internet Session Activation Fee','2018-02-01 19:54:26',NULL,NULL,NULL,NULL),(144,1,2,1,-140,'expenses','cash','Card, Biscuits','2018-02-01 17:00:45',NULL,NULL,NULL,NULL),(145,1,40,1,-300,'expenses','cash','From Karachi Station to Aunty\'s Home (Rs.800)','2018-02-01 12:30:20',NULL,NULL,NULL,NULL),(146,1,2,1,-200,'expenses','cash','Lays, Water','2018-02-01 04:15:55',NULL,NULL,NULL,NULL),(147,1,6,1,-90,'expenses','transfer','Bank Charges For Intet-Bank Fund transfer','2018-01-31 22:45:07',NULL,NULL,NULL,NULL),(148,1,2,1,-20,'expenses','cash','Soonf','2018-01-31 20:00:23',NULL,NULL,NULL,NULL),(149,1,40,1,-476,'expenses','credit card','From Riverview to Station','2018-01-31 15:00:31',NULL,NULL,NULL,NULL),(150,2,39,1,-22746,'expenses','credit card','From Lahore to Karachi','2018-01-31 02:00:46',NULL,NULL,NULL,NULL),(151,1,2,1,-40,'expenses','cash','Sabzi','2018-01-30 20:45:05',NULL,NULL,NULL,NULL),(152,1,2,1,-410,'expenses','cash','At Fri Chicks','2018-01-30 19:30:47',NULL,NULL,NULL,NULL),(153,1,6,1,-15,'expenses','cash','ATM Fees','2018-01-30 18:45:49',NULL,NULL,NULL,NULL),(154,1,2,1,-20,'expenses','cash','Cigs','2018-01-30 17:00:13',NULL,NULL,NULL,NULL),(155,1,40,1,-130,'expenses','cash','Rickshaw from Daewoo Terminal to Home','2018-01-29 19:00:32',NULL,NULL,NULL,NULL),(156,1,41,1,-1000,'expenses','cash','From DGKhan to Lahore','2018-01-29 09:00:53',NULL,NULL,NULL,NULL),(157,1,38,1,-140,'expenses','cash','Mobile Charger','2018-01-28 19:30:09',NULL,NULL,NULL,NULL),(158,1,2,1,-160,'expenses','cash','Cigs','2018-01-28 02:45:26',NULL,NULL,NULL,NULL),(159,1,41,1,-950,'expenses','cash','From Lahore to D.G.Khan','2018-01-27 23:00:22',NULL,NULL,NULL,NULL),(160,1,40,1,-40,'expenses','cash','To rickshaw for taking inside City Terminal','2018-01-27 22:55:36',NULL,NULL,NULL,NULL),(161,1,2,1,-70,'expenses','cash','Kinder Joy','2018-01-27 21:00:53',NULL,NULL,NULL,NULL),(162,1,2,1,-85,'expenses','cash','Fries','2018-01-27 20:50:26',NULL,NULL,NULL,NULL),(163,1,20,1,-1200,'expenses','cash','Shumaila\'s Checkup and Ultrasound','2018-01-27 20:45:41',NULL,NULL,NULL,NULL),(164,1,22,1,-977,'expenses','debit card','Diapers','2018-01-26 23:15:31',NULL,NULL,NULL,NULL),(165,1,15,1,-420,'expenses','debit card','CaC 1000 (237), Fefol Vit Capsules (183)','2018-01-26 23:15:03',NULL,NULL,NULL,NULL),(166,2,35,1,-25000,'expenses','cash','Car Installment','2018-01-26 20:00:44',NULL,NULL,NULL,NULL),(167,1,2,1,-500,'expenses','cash','Office Food','2018-01-26 17:00:01',NULL,NULL,NULL,NULL),(168,1,2,1,-80,'expenses','cash','Cigs','2018-01-26 11:15:55',NULL,NULL,NULL,NULL),(169,1,28,1,-1000,'expenses','cash','','2018-01-26 10:15:42',NULL,NULL,NULL,NULL),(170,1,2,1,-55,'expenses','cash','Candies, Sprite','2018-01-25 23:20:30',NULL,NULL,NULL,NULL),(171,1,2,1,-30,'expenses','cash','Rotiyan','2018-01-25 23:15:53',NULL,NULL,NULL,NULL),(172,1,2,1,-130,'expenses','cash','Chicken Piece','2018-01-25 22:45:16',NULL,NULL,NULL,NULL),(173,1,20,1,-770,'expenses','cash','Injection','2018-01-25 22:30:22',NULL,NULL,NULL,NULL),(174,1,40,1,-200,'expenses','credit card','From Office to Nawab Town','2018-01-25 21:45:53',NULL,NULL,NULL,NULL),(175,1,21,1,-40,'expenses','cash','','2018-01-25 21:00:15',NULL,NULL,NULL,NULL),(176,1,2,1,-100,'expenses','cash','Lunch','2018-01-25 11:30:47',NULL,NULL,NULL,NULL),(177,1,40,1,-225,'expenses','credit card','From Riverview to Office','2018-01-25 10:15:18',NULL,NULL,NULL,NULL),(178,1,40,1,-207,'expenses','credit card','From Nazariya-e-Pakistan to Eden Value Homes','2018-01-24 21:45:38',NULL,NULL,NULL,NULL),(179,1,40,1,-134,'expenses','cash','From Office to Nazariya-e-Pakistan','2018-01-24 17:45:13',NULL,NULL,NULL,NULL),(180,1,40,1,-50,'expenses','cash','From Office to Hafeez Center','2018-01-24 13:10:03',NULL,NULL,NULL,NULL),(181,1,2,1,-80,'expenses','cash','Lunch','2018-01-24 11:30:00',NULL,NULL,NULL,NULL),(182,1,40,1,-184,'expenses','credit card','From Riverview to Office','2018-01-24 09:45:15',NULL,NULL,NULL,NULL),(183,1,15,1,-40,'expenses','cash','ORS','2018-01-24 00:15:36',NULL,NULL,NULL,NULL),(184,1,2,1,-100,'expenses','cash','Bunties','2018-01-24 00:00:47',NULL,NULL,NULL,NULL),(185,1,15,1,-540,'expenses','cash','Duphaston 10mg','2018-01-23 23:50:01',NULL,NULL,NULL,NULL),(186,1,6,1,-15,'expenses','cash','ATM Fees','2018-01-23 23:45:10',NULL,NULL,NULL,NULL),(187,1,41,1,-120,'expenses','cash','Parcel to Sahiwal','2018-01-23 23:30:39',NULL,NULL,NULL,NULL),(188,1,41,1,-188,'expenses','credit card','From Office to Riverview Home','2018-01-22 21:30:34',NULL,NULL,NULL,NULL),(189,1,20,1,-900,'expenses','cash','Mustafa\'s checkup','2018-01-22 21:30:14',NULL,NULL,NULL,NULL),(190,1,2,1,-250,'expenses','credit card','Burger','2018-01-22 16:00:57',NULL,NULL,NULL,NULL),(191,1,41,1,-276,'expenses','credit card','From Riverview to Office','2018-01-22 11:30:26',NULL,NULL,NULL,NULL),(192,1,15,1,-295,'expenses','cash','For Daddi ammi','2018-01-21 20:50:48',NULL,NULL,NULL,NULL),(193,1,22,1,-100,'expenses','cash','Buttons','2018-01-21 20:45:24',NULL,NULL,NULL,NULL),(194,1,2,1,-20,'expenses','cash','Bunties','2018-01-21 20:40:37',NULL,NULL,NULL,NULL),(195,1,2,1,-125,'expenses','cash','Lays, Burger','2018-01-21 20:30:37',NULL,NULL,NULL,NULL),(196,1,21,1,-40,'expenses','cash','','2018-01-21 19:30:24',NULL,NULL,NULL,NULL),(197,1,2,1,-20,'expenses','cash','Cigs','2018-01-21 16:00:48',NULL,NULL,NULL,NULL),(198,1,2,1,-95,'expenses','cash','Bunties','2018-01-20 21:30:06',NULL,NULL,NULL,NULL),(199,1,2,1,-345,'expenses','cash','Kernelpop Popcorns (65x2), Nuggets (215)','2018-01-20 21:00:51',NULL,NULL,NULL,NULL),(200,1,4,1,-335,'expenses','cash','Dustbin','2018-01-20 21:00:25',NULL,NULL,NULL,NULL),(201,1,2,1,-160,'expenses','cash','Lays, Ladoo Paithi','2018-01-20 16:30:47',NULL,NULL,NULL,NULL),(202,1,2,1,-20,'expenses','cash','Rotiyan','2018-01-19 11:30:51',NULL,NULL,NULL,NULL),(203,1,2,1,-70,'expenses','cash','Samosay','2018-01-18 16:36:25',NULL,NULL,NULL,NULL),(204,1,2,1,-85,'expenses','cash','Milk','2018-01-17 18:11:31',NULL,NULL,NULL,NULL),(205,1,21,1,-180,'expenses','cash','','2018-01-17 16:25:01',NULL,NULL,NULL,NULL),(206,1,2,1,-20,'expenses','cash','Lunch','2018-01-17 16:22:49',NULL,NULL,NULL,NULL),(207,1,2,1,-500,'expenses','cash','Dinner at Bashir Dar-ul-Maahi','2018-01-17 16:21:55',NULL,NULL,NULL,NULL),(208,1,2,1,-140,'expenses','cash','OPTP Chips','2018-01-16 16:00:59',NULL,NULL,NULL,NULL),(209,1,2,1,-50,'expenses','cash','Lunch','2018-01-16 11:30:04',NULL,NULL,NULL,NULL),(210,1,2,1,-20,'expenses','cash','Lunch','2018-01-15 11:30:34',NULL,NULL,NULL,NULL),(211,1,2,1,-270,'expenses','cash','Milk (130), Lays (50), Yogurt (90)','2018-01-14 20:00:28',NULL,NULL,NULL,NULL),(212,1,15,1,-120,'expenses','cash','Basoquin Tab (22), Petroleum Jelly (100)','2018-01-14 19:45:34',NULL,NULL,NULL,NULL),(213,1,15,1,-115,'expenses','cash','Norvasc Tab','2018-01-14 19:40:24',NULL,NULL,NULL,NULL),(214,1,6,1,-500,'expenses','cash','Miscellaneous, Parking at Emporium, Popcorns','2018-01-14 18:00:14',NULL,NULL,NULL,NULL),(215,1,28,1,-2720,'expenses','cash','','2018-01-14 16:15:56',NULL,NULL,NULL,NULL),(216,1,2,1,-50,'expenses','cash','At Fri Chicks','2018-01-13 21:05:41',NULL,NULL,NULL,NULL),(217,1,20,1,-500,'expenses','cash','Azmaira\'s Checkup','2018-01-13 21:00:55',NULL,NULL,NULL,NULL),(218,1,20,1,-1500,'expenses','cash','Ultrasound, Injection','2018-01-13 20:45:29',NULL,NULL,NULL,NULL),(219,1,2,1,-15,'expenses','cash','Lollipop','2018-01-13 15:30:27',NULL,NULL,NULL,NULL),(220,1,15,1,-12,'expenses','cash','Panadol Tab','2018-01-12 22:15:18',NULL,NULL,NULL,NULL),(221,1,2,1,-130,'expenses','cash','Milk','2018-01-12 22:05:53',NULL,NULL,NULL,NULL),(222,1,2,1,-130,'expenses','cash','Fries','2018-01-12 22:00:16',NULL,NULL,NULL,NULL),(223,1,2,1,-150,'expenses','cash','Cigs','2018-01-12 14:00:35',NULL,NULL,NULL,NULL),(224,1,21,1,-10,'expenses','cash','','2018-01-12 12:15:16',NULL,NULL,NULL,NULL),(225,1,15,1,-375,'expenses','cash','Claricef','2018-01-11 23:10:14',NULL,NULL,NULL,NULL),(226,1,22,1,-860,'expenses','cash','Diapers','2018-01-11 23:05:43',NULL,NULL,NULL,NULL),(227,1,2,1,-260,'expenses','cash','Coke (130), Malt (30), Lays (100)','2018-01-11 23:00:25',NULL,NULL,NULL,NULL),(228,1,31,1,-200,'expenses','cash','Car wash','2018-01-11 17:15:54',NULL,NULL,NULL,NULL),(229,1,31,1,-20,'expenses','cash','For filling tyres','2018-01-11 16:45:15',NULL,NULL,NULL,NULL),(230,1,6,1,-15,'expenses','transfer','ATM Fees','2018-01-09 20:30:34',NULL,NULL,NULL,NULL),(231,1,2,1,-50,'expenses','cash','Lunch','2018-01-09 11:30:40',NULL,NULL,NULL,NULL),(232,1,13,1,-10000,'expenses','cash','Pocket Money for Ammi and Shumaila','2018-01-09 00:30:49',NULL,NULL,NULL,NULL),(233,1,16,1,-35000,'expenses','cash','','2018-01-09 00:15:14',NULL,NULL,NULL,NULL),(234,1,2,1,-200,'expenses','cash','Fruits','2018-01-08 21:30:49',NULL,NULL,NULL,NULL),(235,1,15,1,-1177,'expenses','cash','Anafortan Tab, Myfol, Duphastan (10mg)','2018-01-08 21:30:16',NULL,NULL,NULL,NULL),(236,1,18,1,-3929,'expenses','transfer','Electricity Bill','2018-01-08 20:00:17',NULL,NULL,NULL,NULL),(237,1,6,1,-15,'expenses','transfer','ATM Fees','2018-01-08 13:35:25',NULL,NULL,NULL,NULL),(238,1,42,1,-50,'expenses','cash','In Jeff Heights','2018-01-08 13:30:47',NULL,NULL,NULL,NULL),(239,1,2,1,-50,'expenses','cash','Lunch','2018-01-08 11:30:35',NULL,NULL,NULL,NULL),(240,1,21,1,-500,'expenses','cash','','2018-01-07 17:45:18',NULL,NULL,NULL,NULL),(241,1,34,1,-1700,'expenses','cash','Azmaira\'s Gift contribution','2018-01-07 17:30:12',NULL,NULL,NULL,NULL),(242,1,6,1,-15,'expenses','cash','ATM Fees','2018-01-07 17:00:56',NULL,NULL,NULL,NULL),(243,1,2,1,-150,'expenses','cash','Lays, Chocolates','2018-01-07 15:45:20',NULL,NULL,NULL,NULL),(244,1,34,1,-1000,'expenses','cash','Salami for Khadija Baji\'s Nund (Total: 5000)','2018-01-06 21:00:57',NULL,NULL,NULL,NULL),(245,1,11,1,-1500,'expenses','cash','','2018-01-06 18:00:34',NULL,NULL,NULL,NULL),(246,1,15,1,-710,'expenses','cash','Injection','2018-01-06 17:30:09',NULL,NULL,NULL,NULL),(247,1,2,1,-150,'expenses','cash','Rabri Milk','2018-01-06 17:15:07',NULL,NULL,NULL,NULL),(248,1,10,1,-30,'expenses','cash','Easyload to Shumaila\'s mobile','2018-01-06 01:00:21',NULL,NULL,NULL,NULL),(249,1,2,1,-519,'expenses','credit card','Biryani from Box Wala','2018-01-05 23:30:12',NULL,NULL,NULL,NULL),(250,1,28,1,-2448,'expenses','cash','','2018-01-05 19:15:45',NULL,NULL,NULL,NULL),(251,1,6,1,-1000,'expenses','cash','Office Fine','2018-01-05 16:30:35',NULL,NULL,NULL,NULL),(252,1,24,1,90000,'income','cash','','2018-01-05 16:30:34',NULL,NULL,NULL,NULL),(253,1,2,1,-100,'expenses','cash','Lunch','2018-01-05 11:30:45',NULL,NULL,NULL,NULL),(254,1,31,1,-200,'expenses','cash','Car wash','2018-01-04 20:00:49',NULL,NULL,NULL,NULL),(255,1,2,1,-30,'expenses','cash','Lunch','2018-01-04 11:30:22',NULL,NULL,NULL,NULL),(256,1,26,1,-300,'expenses','debit card','Mascara','2018-01-03 21:45:53',NULL,NULL,NULL,NULL),(257,1,20,1,-1700,'expenses','debit card','Shumaila\'s Checkup, Test','2018-01-03 21:30:40',NULL,NULL,NULL,NULL),(258,1,2,1,-80,'expenses','mobile payment','Pringles','2018-01-03 21:15:32',NULL,NULL,NULL,NULL),(259,1,10,1,-100,'expenses','transfer','Easyload to Shumaila\'s mobile','2018-01-03 13:45:09',NULL,NULL,NULL,NULL),(260,1,2,1,-80,'expenses','debit card','Popcorns','2018-01-02 20:30:03',NULL,NULL,NULL,NULL),(261,1,38,1,-240,'expenses','mobile payment','Cells','2018-01-02 20:25:19',NULL,NULL,NULL,NULL),(262,1,15,1,-270,'expenses','cash','Duphaston 10mg','2018-01-01 23:15:03',NULL,NULL,NULL,NULL),(263,1,2,1,-55,'expenses','cash','Ice Cream, Milo','2018-01-01 22:50:42',NULL,NULL,NULL,NULL),(264,1,21,1,-30,'expenses','mobile payment','','2018-01-01 22:45:28',NULL,NULL,NULL,NULL),(265,1,2,1,-178,'expenses','cash','Aalo chanay','2018-01-01 20:10:58',NULL,NULL,NULL,NULL),(266,1,6,1,-15,'expenses','mobile payment','ATM Fees','2018-01-01 20:00:49',NULL,NULL,NULL,NULL),(267,1,2,1,-40,'expenses','mobile payment','Lunch','2018-01-01 11:30:36',NULL,NULL,NULL,NULL),(268,1,33,1,-1500,'expenses','mobile payment','Mustafa\'s Train from Metro','2017-12-31 23:00:10',NULL,NULL,NULL,NULL),(269,1,2,1,-140,'expenses','cash','Eggs, Dhaniya','2017-12-31 20:00:56',NULL,NULL,NULL,NULL),(270,1,20,1,-1400,'expenses','mobile payment','Shumaila\'s Checkup and Blood test','2017-12-30 20:30:53',NULL,NULL,NULL,NULL),(271,1,2,1,-100,'expenses','cash','Fries','2017-12-30 20:25:11',NULL,NULL,NULL,NULL),(272,1,2,1,-220,'expenses','cash','Milk, Sprite','2017-12-30 00:35:43',NULL,NULL,NULL,NULL),(273,1,15,1,-236,'expenses','cash','CaC 1000','2017-12-30 00:15:58',NULL,NULL,NULL,NULL),(274,1,2,1,-20,'expenses','cash','Cigs','2017-12-28 12:00:16',NULL,NULL,NULL,NULL),(275,1,2,1,-100,'expenses','mobile payment','Office Cake','2017-12-27 12:30:14',NULL,NULL,NULL,NULL),(276,1,2,1,-100,'expenses','mobile payment','Lunch','2017-12-27 11:30:24',NULL,NULL,NULL,NULL),(277,1,18,1,-4890,'expenses','transfer','Eden Value Homes Electricity Bill','2017-12-26 21:30:10',NULL,NULL,NULL,NULL),(278,1,2,1,-1400,'expenses','mobile payment','Deal from Jhonny Rockets','2017-12-26 13:13:51',NULL,NULL,NULL,NULL),(279,1,2,1,-20,'expenses','cash','Lunch','2017-12-26 11:30:51',NULL,NULL,NULL,NULL),(280,1,28,1,-2600,'expenses','mobile payment','','2017-12-26 10:30:53',NULL,NULL,NULL,NULL),(281,1,2,1,-450,'expenses','cash','PopNosh Popcorns','2017-12-25 20:00:43',NULL,NULL,NULL,NULL),(282,1,2,1,-150,'expenses','cash','Johar Joshanda','2017-12-24 22:30:43',NULL,NULL,NULL,NULL),(283,1,21,1,-10,'expenses','mobile payment','','2017-12-24 16:39:17',NULL,NULL,NULL,NULL),(284,1,2,1,-280,'expenses','mobile payment','Sabzi','2017-12-24 16:37:36',NULL,NULL,NULL,NULL),(285,1,2,1,-200,'expenses','cash','Samosay','2017-12-24 16:15:01',NULL,NULL,NULL,NULL),(286,1,16,1,-1808,'expenses','mobile payment','Jam-e-Sheeren, Toys, Clay, Biscuits','2017-12-23 23:00:52',NULL,NULL,NULL,NULL),(287,1,21,1,-1000,'expenses','cash','','2017-12-23 17:15:37',NULL,NULL,NULL,NULL),(288,1,2,1,-200,'expenses','cash','Given to Ali for Joshanda','2017-12-22 22:30:56',NULL,NULL,NULL,NULL),(289,1,2,1,-185,'expenses','cash','Yogurt, Sprite','2017-12-22 21:15:24',NULL,NULL,NULL,NULL),(290,1,21,1,-500,'expenses','cash','Given to Office boy','2017-12-22 16:00:22',NULL,NULL,NULL,NULL),(291,1,28,1,-1000,'expenses','cash','in Daddy\'s car','2017-12-22 10:15:06',NULL,NULL,NULL,NULL),(292,1,2,1,-700,'expenses','cash','Ice Cream','2017-12-21 23:00:24',NULL,NULL,NULL,NULL),(293,1,21,1,-520,'expenses','cash','','2017-12-21 21:15:31',NULL,NULL,NULL,NULL),(294,1,2,1,-130,'expenses','mobile payment','Milk','2017-12-21 20:15:26',NULL,NULL,NULL,NULL),(295,1,22,1,-1000,'expenses','cash','For stitching of Shumaila\'s suit','2017-12-20 23:15:01',NULL,NULL,NULL,NULL),(296,1,2,1,-130,'expenses','cash','Fries','2017-12-20 22:43:50',NULL,NULL,NULL,NULL),(297,1,2,1,-50,'expenses','cash','Lunch','2017-12-20 11:30:55',NULL,NULL,NULL,NULL),(298,1,15,1,-336,'expenses','cash','Vicks (36), Almond Oil (300)','2017-12-19 23:20:55',NULL,NULL,NULL,NULL),(299,1,2,1,-635,'expenses','cash','Milk (300), Chocolate (65), Lays (160), Sprite (110)','2017-12-19 23:15:02',NULL,NULL,NULL,NULL),(300,1,21,1,-90,'expenses','cash','','2017-12-19 21:16:05',NULL,NULL,NULL,NULL),(301,1,2,1,-20,'expenses','cash','Cigs','2017-12-19 11:45:45',NULL,NULL,NULL,NULL),(302,2,35,1,-25000,'expenses','cash','Car Installment','2017-12-18 22:45:23',NULL,NULL,NULL,NULL),(303,1,2,1,-70,'expenses','cash','Candies','2017-12-18 21:45:20',NULL,NULL,NULL,NULL),(304,1,2,1,-130,'expenses','cash','Fresher Juice x2','2017-12-18 13:15:31',NULL,NULL,NULL,NULL),(305,1,2,1,-20,'expenses','cash','Lunch','2017-12-18 11:30:28',NULL,NULL,NULL,NULL),(306,1,10,1,-50,'expenses','cash','Easyload to Shumaila\'s mobile','2017-12-16 23:45:17',NULL,NULL,NULL,NULL),(307,1,2,1,-700,'expenses','cash','Cake','2017-12-16 21:00:10',NULL,NULL,NULL,NULL),(308,1,2,1,-90,'expenses','cash','Yogurt','2017-12-16 20:45:49',NULL,NULL,NULL,NULL),(309,1,2,1,-300,'expenses','cash','Sabzi, Biscuits, Reyoori','2017-12-16 16:30:58',NULL,NULL,NULL,NULL),(310,1,2,1,-120,'expenses','cash','Coke, Malt','2017-12-16 01:35:30',NULL,NULL,NULL,NULL),(311,1,22,1,-1096,'expenses','cash','Diapers, Anafortan Tab','2017-12-16 01:30:36',NULL,NULL,NULL,NULL),(312,1,2,1,-40,'expenses','cash','Cigs','2017-12-15 11:45:52',NULL,NULL,NULL,NULL),(313,1,16,1,-360,'expenses','cash','Desi Ghee','2017-12-14 21:30:27',NULL,NULL,NULL,NULL),(314,1,31,1,-200,'expenses','cash','Car wash','2017-12-14 14:00:52',NULL,NULL,NULL,NULL),(315,1,2,1,-50,'expenses','cash','Lunch','2017-12-14 11:30:41',NULL,NULL,NULL,NULL),(316,1,2,1,-150,'expenses','cash','Burger','2017-12-13 21:15:08',NULL,NULL,NULL,NULL),(317,1,20,1,-800,'expenses','cash','Ultrasound','2017-12-13 20:45:24',NULL,NULL,NULL,NULL),(318,1,6,1,-15,'expenses','cash','ATM Fees','2017-12-13 20:40:28',NULL,NULL,NULL,NULL),(319,1,2,1,-10,'expenses','cash','Kurkure','2017-12-13 20:35:45',NULL,NULL,NULL,NULL),(320,1,2,1,-20,'expenses','cash','Lunch','2017-12-13 11:30:26',NULL,NULL,NULL,NULL),(321,1,22,1,-330,'expenses','cash','Dupatta pico','2017-12-12 21:10:26',NULL,NULL,NULL,NULL),(322,1,15,1,-70,'expenses','cash','Shumaila\'s medicine','2017-12-12 21:05:35',NULL,NULL,NULL,NULL),(323,1,2,1,-50,'expenses','cash','Fries','2017-12-12 21:00:44',NULL,NULL,NULL,NULL),(324,1,20,1,-700,'expenses','cash','Shumaila\'s checkup','2017-12-12 20:45:29',NULL,NULL,NULL,NULL),(325,1,28,1,-2300,'expenses','cash','','2017-12-12 20:15:45',NULL,NULL,NULL,NULL),(326,1,2,1,-40,'expenses','cash','Cigs','2017-12-12 18:30:11',NULL,NULL,NULL,NULL),(327,1,18,1,-1567,'expenses','cash','Electricity Bill','2017-12-11 18:00:44',NULL,NULL,NULL,NULL),(328,1,21,1,-60,'expenses','cash','','2017-12-10 22:30:54',NULL,NULL,NULL,NULL),(329,1,22,1,-2790,'expenses','cash','Mustafa\'s Clothes','2017-12-10 22:00:24',NULL,NULL,NULL,NULL),(330,1,16,1,-220,'expenses','cash','Toothpaste (165), Bunties (55)','2017-12-10 20:45:10',NULL,NULL,NULL,NULL),(331,1,26,1,-70,'expenses','cash','Hair Dressing','2017-12-10 15:30:34',NULL,NULL,NULL,NULL),(332,1,2,1,-50,'expenses','cash','Rotiyan','2017-12-09 22:45:11',NULL,NULL,NULL,NULL),(333,1,2,1,-550,'expenses','cash','Seekh Kebab','2017-12-09 18:30:44',NULL,NULL,NULL,NULL),(334,1,13,1,-5000,'expenses','cash','Given to Ammi','2017-12-09 01:00:47',NULL,NULL,NULL,NULL),(335,1,13,1,-5000,'expenses','cash','Given to Shumaila','2017-12-09 01:00:25',NULL,NULL,NULL,NULL),(336,1,16,1,-35000,'expenses','cash','Given to Daddy','2017-12-09 01:00:06',NULL,NULL,NULL,NULL),(337,1,2,1,-521,'expenses','cash','Sugar (5 kg) (280), Almond Oil (93), Kalonji Oil (73), Kinder Joy (75)','2017-12-09 00:15:41',NULL,NULL,NULL,NULL),(338,1,2,1,-10,'expenses','cash','Lunch','2017-12-08 11:30:01',NULL,NULL,NULL,NULL),(339,1,31,1,-2500,'expenses','cash','Oil Filter, Air Filter, Oil','2017-12-07 21:00:39',NULL,NULL,NULL,NULL),(340,1,2,1,-50,'expenses','cash','Lunch','2017-12-07 11:30:41',NULL,NULL,NULL,NULL),(341,1,2,1,-742,'expenses','cash','Lays, Milo, Biscuits, Rusk, Bunties','2017-12-06 20:50:46',NULL,NULL,NULL,NULL),(342,1,15,1,-250,'expenses','cash','Fixval Syrup 200mg (220), Peditral','2017-12-06 20:45:43',NULL,NULL,NULL,NULL),(343,1,20,1,-500,'expenses','cash','Mustafa\'s checkup','2017-12-06 20:30:12',NULL,NULL,NULL,NULL),(344,1,11,1,-1500,'expenses','cash','','2017-12-06 15:30:28',NULL,NULL,NULL,NULL),(345,1,19,1,-4000,'expenses','cash','For HEC attestation','2017-12-06 14:05:46',NULL,NULL,NULL,'Given To Azeem'),(346,1,6,1,-15,'expenses','cash','ATM Fees','2017-12-06 14:00:32',NULL,NULL,NULL,NULL),(347,1,2,1,-65,'expenses','cash','Lays','2017-12-05 22:15:45',NULL,NULL,NULL,NULL),(348,1,38,1,-60,'expenses','cash','Cells','2017-12-05 20:30:26',NULL,NULL,NULL,NULL),(349,1,24,1,90000,'income','cash','Salary','2017-12-05 16:30:16',NULL,NULL,NULL,NULL),(350,1,15,1,-201,'expenses','cash','Gravinate Liq 60ml (40), Nutracid Syp (165) for Mahnoor (Vomiting issue)','2017-12-05 00:10:41',NULL,NULL,NULL,NULL),(351,1,15,1,-18,'expenses','cash','Gravinate Inj, 3cc Syreng for Mahnoor (Vomiting issue)','2017-12-04 23:45:33',NULL,NULL,NULL,NULL),(352,1,20,1,-300,'expenses','cash','Doctor Fee for Mahnoor','2017-12-04 23:00:03',NULL,NULL,NULL,NULL),(353,1,26,1,-40,'expenses','cash','Plastic Gloves','2017-12-04 21:15:54',NULL,NULL,NULL,NULL),(354,1,15,1,-16,'expenses','cash','Panadol Extra','2017-12-04 21:00:47',NULL,NULL,NULL,NULL),(355,1,2,1,-260,'expenses','cash','Milk','2017-12-04 20:30:41',NULL,NULL,NULL,NULL),(356,1,2,1,-510,'expenses','cash','Chinese Rice from Karachi Red Rock','2017-12-01 03:00:03',NULL,NULL,NULL,NULL),(357,1,2,1,-2500,'expenses','cash','Dinner at Office','2017-11-30 23:30:17',NULL,NULL,NULL,NULL),(358,1,21,1,-30,'expenses','cash','','2017-11-30 17:00:05',NULL,NULL,NULL,NULL),(359,1,2,1,-150,'expenses','cash','Cigs','2017-11-30 14:15:57',NULL,NULL,NULL,NULL),(360,1,38,1,-850,'expenses','cash','Mouse','2017-11-30 13:30:26',NULL,NULL,NULL,NULL),(361,1,2,1,-100,'expenses','cash','Lunch','2017-11-30 11:30:39',NULL,NULL,NULL,NULL),(362,1,2,1,-60,'expenses','cash','Lunch','2017-11-29 11:30:51',NULL,NULL,NULL,NULL),(363,1,28,1,-2400,'expenses','debit card','','2017-11-29 10:15:17',NULL,NULL,NULL,NULL),(364,1,25,1,-149,'expenses','mobile payment','KidloLand Subscription','2017-11-28 18:15:21',NULL,NULL,NULL,NULL),(365,2,43,1,-10000,'expenses','cash','Lawyer fee for filing return','2017-11-28 13:30:18',NULL,NULL,NULL,NULL),(366,1,2,1,-30,'expenses','cash','Lunch','2017-11-28 11:30:10',NULL,NULL,NULL,NULL),(367,1,2,1,-120,'expenses','cash','Peanuts','2017-11-27 22:45:21',NULL,NULL,NULL,NULL),(368,1,2,1,-80,'expenses','cash','Bunties, Kurkure','2017-11-27 22:30:54',NULL,NULL,NULL,NULL),(369,1,2,1,-40,'expenses','cash','Cigs','2017-11-27 15:00:35',NULL,NULL,NULL,NULL),(370,1,21,1,-20,'expenses','cash','','2017-11-27 10:15:11',NULL,NULL,NULL,NULL),(371,1,10,1,-30,'expenses','cash','Easyload to Shumaila\'s mobile','2017-11-26 00:30:50',NULL,NULL,NULL,NULL),(372,1,2,1,-1808,'expenses','cash','Dinner at Al-Nakhal','2017-11-25 22:30:59',NULL,NULL,'Rabia (PKR 500)',NULL),(373,1,2,1,-200,'expenses','cash','PopNosh Popcorns','2017-11-25 20:00:26',NULL,NULL,NULL,NULL),(374,1,2,1,-50,'expenses','cash','Lays','2017-11-25 16:00:57',NULL,NULL,NULL,NULL),(375,1,38,1,-220,'expenses','cash','3/0.29 Wire (15 gaz)','2017-11-25 15:35:35',NULL,NULL,NULL,NULL),(376,1,38,1,-250,'expenses','cash','Extension Cabel','2017-11-25 15:30:43',NULL,NULL,NULL,NULL),(377,1,21,1,-70,'expenses','cash','','2017-11-24 10:20:28',NULL,NULL,NULL,NULL),(378,1,2,1,-93,'expenses','cash','Cocomo, Lays, Bravo (58)','2017-11-23 23:30:48',NULL,NULL,NULL,NULL),(379,1,2,1,-60,'expenses','cash','Cigs','2017-11-23 13:15:18',NULL,NULL,NULL,NULL),(380,1,2,1,-100,'expenses','cash','Lunch','2017-11-23 11:30:31',NULL,NULL,NULL,NULL),(381,1,2,1,-220,'expenses','cash','Lunch','2017-11-22 11:00:25',NULL,NULL,NULL,NULL),(382,1,22,1,-480,'expenses','cash','Pads, Matt','2017-11-21 23:30:17',NULL,NULL,NULL,NULL),(383,2,35,1,-25000,'expenses','cash','Car Installment','2017-11-21 15:51:18',NULL,NULL,NULL,NULL),(384,1,2,1,-100,'expenses','cash','Lunch','2017-11-21 11:30:37',NULL,NULL,NULL,NULL),(385,1,21,1,-10,'expenses','cash','','2017-11-20 20:15:53',NULL,NULL,NULL,NULL),(386,1,2,1,-60,'expenses','cash','Lunch','2017-11-20 11:30:09',NULL,NULL,NULL,NULL),(387,1,6,1,-250,'expenses','cash','Toll Plaza Tax (Faisalabad to Lahore)','2017-11-19 21:45:22',NULL,NULL,NULL,NULL),(388,1,2,1,-170,'expenses','cash','Lays, Bunties','2017-11-19 21:20:55',NULL,NULL,NULL,NULL),(389,1,28,1,-2300,'expenses','cash','','2017-11-19 19:30:56',NULL,NULL,NULL,NULL),(390,1,21,1,-60,'expenses','cash','','2017-11-19 16:00:32',NULL,NULL,NULL,NULL),(391,1,2,1,-490,'expenses','cash','Fruits for Milaad','2017-11-19 13:05:14',NULL,NULL,NULL,NULL),(392,1,6,1,-250,'expenses','cash','Toll Plaza Tax (Lahore to Faisalabad)','2017-11-19 13:00:13',NULL,NULL,NULL,NULL),(393,1,2,1,-450,'expenses','cash','Lays, Pringles, Water','2017-11-19 12:30:48',NULL,NULL,NULL,NULL),(394,1,6,1,-15,'expenses','cash','ATM Fees','2017-11-19 11:30:23',NULL,NULL,NULL,NULL),(395,1,30,1,-1000,'expenses','cash','Geyser Installation','2017-11-18 17:00:56',NULL,NULL,NULL,NULL),(396,1,38,1,-250,'expenses','cash','Extension Cabel','2017-11-18 16:30:32',NULL,NULL,NULL,NULL),(397,1,2,1,-2500,'expenses','cash','Dinner at Options','2017-11-17 23:30:15',NULL,NULL,NULL,NULL),(398,2,44,1,-5000,'expenses','cash','For HEC attestation','2017-11-17 12:50:12',NULL,NULL,NULL,'Given To Azeem'),(399,1,6,1,-15,'expenses','cash','ATM Fees','2017-11-17 12:45:36',NULL,NULL,NULL,NULL),(400,1,2,1,-40,'expenses','cash','Lunch','2017-11-17 11:30:17',NULL,NULL,NULL,NULL),(401,1,2,1,-160,'expenses','cash','Lays, Kurkure','2017-11-16 22:30:52',NULL,NULL,NULL,NULL),(402,1,26,1,-160,'expenses','cash','ABC Toothpaste, Almond Oil','2017-11-16 22:00:08',NULL,NULL,NULL,NULL),(403,1,21,1,-20,'expenses','cash','','2017-11-16 21:00:42',NULL,NULL,NULL,NULL),(404,1,2,1,-150,'expenses','cash','Lunch','2017-11-16 11:30:08',NULL,NULL,NULL,NULL),(405,1,2,1,-330,'expenses','cash','Potato Fotato fries','2017-11-15 19:15:53',NULL,NULL,NULL,NULL),(406,1,2,1,-36,'expenses','cash','Cigs','2017-11-15 13:30:58',NULL,NULL,NULL,NULL),(407,1,22,1,-2300,'expenses','cash','Bra, Nighty','2017-11-14 16:00:11',NULL,NULL,NULL,NULL),(408,1,2,1,-110,'expenses','cash','Lunch','2017-11-14 11:30:31',NULL,NULL,NULL,NULL),(409,1,28,1,-2450,'expenses','cash','','2017-11-14 11:00:58',NULL,NULL,NULL,NULL),(410,1,4,1,-8500,'expenses','cash','Geyser','2017-11-13 20:30:40',NULL,NULL,NULL,NULL),(411,1,2,1,-30,'expenses','cash','Water','2017-11-13 19:25:33',NULL,NULL,NULL,NULL),(412,1,20,1,-200,'expenses','cash','Ammi\'s X-RAY (2200)','2017-11-13 19:00:28',NULL,NULL,NULL,NULL),(413,1,2,1,-520,'expenses','cash','Boneless chicken','2017-11-12 19:00:04',NULL,NULL,NULL,NULL),(414,1,2,1,-180,'expenses','cash','Jam-e-Sheeren','2017-11-12 15:00:07',NULL,NULL,NULL,NULL),(415,1,2,1,-430,'expenses','cash','K&N Nuggest Small (215), K&N Tender Pops (215)','2017-11-11 11:40:09',NULL,NULL,NULL,NULL),(416,1,15,1,-327,'expenses','cash','Klaribact Syp 125mg (244), Vidaylin (83)','2017-11-11 11:35:51',NULL,NULL,NULL,NULL),(417,1,20,1,-500,'expenses','cash','Mustafa\'s checkup','2017-11-11 11:30:25',NULL,NULL,NULL,NULL),(418,1,15,1,-50,'expenses','cash','Panadol','2017-11-11 11:15:24',NULL,NULL,NULL,NULL),(419,1,2,1,-100,'expenses','cash','Lunch','2017-11-10 20:11:16',NULL,NULL,NULL,NULL),(420,1,13,1,-5000,'expenses','cash','Given to Shumaila','2017-11-09 23:00:08',NULL,NULL,NULL,NULL),(421,1,16,1,-35000,'expenses','cash','','2017-11-09 21:30:28',NULL,NULL,NULL,NULL),(422,1,2,1,-100,'expenses','cash','Johar Joshanda','2017-11-09 20:15:18',NULL,NULL,NULL,NULL),(423,1,2,1,-290,'expenses','cash','Lunch','2017-11-09 15:40:02',NULL,NULL,NULL,NULL),(424,1,2,1,-85,'expenses','cash','Breakfast','2017-11-09 10:15:19',NULL,NULL,NULL,NULL),(425,1,4,1,-5500,'expenses','cash','Sofa (remaining amount)','2017-11-08 21:30:39',NULL,NULL,NULL,NULL),(426,1,2,1,-40,'expenses','cash','Cigs','2017-11-08 13:20:02',NULL,NULL,NULL,NULL),(427,1,6,1,-30,'expenses','transfer','ATM Fees','2017-11-08 13:15:12',NULL,NULL,NULL,NULL),(428,1,38,1,-120,'expenses','transfer','Android Cable','2017-11-07 13:45:04',NULL,NULL,NULL,NULL),(429,1,2,1,-50,'expenses','transfer','Lunch','2017-11-07 11:30:37',NULL,NULL,NULL,NULL),(430,1,6,1,-348,'expenses','transfer','Virtual Debit Card creation fee','2017-11-06 13:15:44',NULL,NULL,NULL,NULL),(431,1,11,1,-1500,'expenses','transfer','','2017-11-06 12:20:58',NULL,NULL,NULL,NULL),(432,1,18,1,-4809,'expenses','transfer','Electricity Bill','2017-11-06 12:15:21',NULL,NULL,NULL,NULL),(433,1,10,1,-451,'expenses','cash','Telenor Bill','2017-11-06 11:30:56',NULL,NULL,NULL,NULL),(434,1,24,1,90000,'income','transfer','Salary','2017-11-06 00:30:10',NULL,NULL,NULL,NULL),(435,1,2,1,-74,'expenses','cash','Kinder Joy','2017-11-05 23:40:22',NULL,NULL,NULL,NULL),(436,1,36,1,-80,'expenses','cash','Photocopy, Print of Admit Card','2017-11-05 23:30:43',NULL,NULL,NULL,NULL),(437,1,13,1,-100,'expenses','cash','Given to Shumaila','2017-11-04 21:20:07',NULL,NULL,NULL,NULL),(438,1,2,1,-400,'expenses','cash','Zinger Burger','2017-11-04 21:15:22',NULL,NULL,NULL,NULL),(439,1,4,1,-1700,'expenses','cash','Stairs','2017-11-04 21:00:09',NULL,NULL,NULL,NULL),(440,1,45,1,-20,'expenses','cash','Nails','2017-11-04 16:45:36',NULL,NULL,NULL,NULL),(441,1,38,1,-440,'expenses','cash','LED bulbs','2017-11-04 16:35:29',NULL,NULL,NULL,NULL),(442,1,45,1,-370,'expenses','cash','Zanjeer (7 ft.)','2017-11-04 16:30:05',NULL,NULL,NULL,NULL),(443,1,2,1,-130,'expenses','cash','Eggs','2017-11-04 14:30:49',NULL,NULL,NULL,NULL),(444,1,10,1,-150,'expenses','mobile payment','Easyload to Shumaila\'s mobile','2017-11-04 01:00:12',NULL,NULL,NULL,NULL),(445,1,2,1,-50,'expenses','cash','Yogurt','2017-11-03 20:45:53',NULL,NULL,NULL,NULL),(446,1,2,1,-250,'expenses','cash','Lunch','2017-11-03 11:30:58',NULL,NULL,NULL,NULL),(447,1,22,1,-1000,'expenses','cash','Diapers','2017-11-02 23:30:54',NULL,NULL,NULL,NULL),(448,1,2,1,-44,'expenses','cash','Lunch','2017-11-02 13:45:07',NULL,NULL,NULL,NULL),(449,1,28,1,-2313,'expenses','cash','','2017-11-02 10:15:54',NULL,NULL,NULL,NULL),(450,1,2,1,-40,'expenses','cash','Rotiyan','2017-11-01 22:30:25',NULL,NULL,NULL,NULL),(451,1,2,1,-30,'expenses','cash','Water','2017-11-01 22:15:27',NULL,NULL,NULL,NULL),(452,1,2,1,-220,'expenses','cash','Potato Fotato fries','2017-11-01 21:45:07',NULL,NULL,NULL,NULL),(453,1,21,1,-40,'expenses','cash','','2017-11-01 20:30:58',NULL,NULL,NULL,NULL),(454,1,42,1,-30,'expenses','cash','At Fortress','2017-11-01 20:15:29',NULL,NULL,NULL,NULL),(455,1,2,1,-100,'expenses','cash','Lunch','2017-11-01 11:30:45',NULL,NULL,NULL,NULL),(456,1,15,1,-1114,'expenses','cash','Cod Liver Oil 500mg softgels (990), CaC Cola Tab (124)','2017-10-31 23:00:12',NULL,NULL,NULL,NULL),(457,1,2,1,-378,'expenses','cash','Bakery biscuits, Milk','2017-10-31 22:45:27',NULL,NULL,NULL,NULL),(458,1,2,1,-100,'expenses','cash','Piyaaz','2017-10-31 20:15:53',NULL,NULL,NULL,NULL),(459,1,2,1,-190,'expenses','cash','Lunch','2017-10-31 11:30:15',NULL,NULL,NULL,NULL),(460,1,21,1,-40,'expenses','cash','','2017-10-29 22:24:30',NULL,NULL,NULL,NULL),(461,1,46,1,-180,'expenses','cash','Shield Nipples, Mospel','2017-10-29 22:15:06',NULL,NULL,NULL,NULL),(462,1,25,1,-150,'expenses','cash','KidloLand Subscription','2017-10-29 18:00:42',NULL,NULL,NULL,NULL),(463,1,2,1,-40,'expenses','cash','Juice, Bunties','2017-10-29 15:00:18',NULL,NULL,NULL,NULL),(464,1,2,1,-160,'expenses','cash','Dahi Bhalay','2017-10-28 20:30:06',NULL,NULL,NULL,NULL),(465,1,2,1,-67,'expenses','cash','Lays, Water','2017-10-28 20:15:00',NULL,NULL,NULL,NULL),(466,1,31,1,-290,'expenses','cash','Wiper rubbers','2017-10-28 20:00:44',NULL,NULL,NULL,NULL),(467,1,2,1,-110,'expenses','cash','Bananas','2017-10-28 16:00:11',NULL,NULL,NULL,NULL),(468,1,20,1,-300,'expenses','cash','Ammi\'s Checkup','2017-10-28 15:45:37',NULL,NULL,NULL,NULL),(469,1,2,1,-100,'expenses','cash','Water','2017-10-27 21:30:02',NULL,NULL,NULL,NULL),(470,1,2,1,-270,'expenses','cash','Lunch','2017-10-27 11:30:16',NULL,NULL,NULL,NULL),(471,1,2,1,-1100,'expenses','cash','Dinner at Butt Karahi','2017-10-26 21:30:50',NULL,NULL,NULL,NULL),(472,1,2,1,-50,'expenses','cash','Lunch','2017-10-26 11:30:36',NULL,NULL,NULL,NULL),(473,1,2,1,-30,'expenses','cash','Rotiyan','2017-10-25 20:15:38',NULL,NULL,NULL,NULL),(474,1,21,1,-100,'expenses','cash','','2017-10-25 13:15:21',NULL,NULL,NULL,NULL),(475,1,2,1,-110,'expenses','cash','Lunch','2017-10-25 11:30:36',NULL,NULL,NULL,NULL),(476,1,2,1,-185,'expenses','cash','Cigs, Sprite','2017-10-24 13:30:57',NULL,NULL,NULL,NULL),(477,1,21,1,-270,'expenses','cash','','2017-10-23 20:15:13',NULL,NULL,NULL,NULL),(478,1,2,1,-100,'expenses','cash','Office Cake','2017-10-23 14:45:15',NULL,NULL,NULL,NULL),(479,1,2,1,-36,'expenses','cash','Cigs','2017-10-23 13:15:48',NULL,NULL,NULL,NULL),(480,1,2,1,-20,'expenses','cash','Lunch','2017-10-23 11:30:58',NULL,NULL,NULL,NULL),(481,1,28,1,-2388,'expenses','debit card','','2017-10-23 10:30:10',NULL,NULL,NULL,NULL),(482,1,2,1,-60,'expenses','cash','Rotiyan','2017-10-22 20:00:23',NULL,NULL,NULL,NULL),(483,1,2,1,-1350,'expenses','cash','Cake for Mustafa\'s Birthday','2017-10-22 18:00:15',NULL,NULL,NULL,NULL),(484,1,34,1,-1500,'expenses','cash','Jogging Car for Mahnoor','2017-10-21 18:15:25',NULL,NULL,NULL,NULL),(485,1,42,1,-30,'expenses','cash','','2017-10-21 18:00:08',NULL,NULL,NULL,NULL),(486,1,21,1,-40,'expenses','cash','','2017-10-21 17:45:08',NULL,NULL,NULL,NULL),(487,2,47,1,-14500,'expenses','cash','Mustafa\'s Car','2017-10-21 17:30:35',NULL,NULL,NULL,NULL),(488,1,6,1,-15,'expenses','cash','ATM Fees','2017-10-21 17:15:18',NULL,NULL,NULL,NULL),(489,1,6,1,-30,'expenses','cash','Toll Plaza Tax','2017-10-21 16:00:43',NULL,NULL,NULL,NULL),(490,1,2,1,-397,'expenses','cash','Burger, Cold drink','2017-10-21 02:45:19',NULL,NULL,NULL,NULL),(491,1,36,1,-80,'expenses','cash','Glue','2017-10-20 22:45:57',NULL,NULL,NULL,NULL),(492,1,48,1,-220,'expenses','cash','Gas refill in Cylinder','2017-10-20 22:45:20',NULL,NULL,NULL,NULL),(493,1,2,1,-250,'expenses','cash','Lays, Lollipop, Cupcakes','2017-10-20 21:15:41',NULL,NULL,NULL,NULL),(494,1,2,1,-100,'expenses','cash','Lunch','2017-10-20 11:30:55',NULL,NULL,NULL,NULL),(495,1,10,1,-500,'expenses','cash','Telenor Bill','2017-10-19 22:30:03',NULL,NULL,NULL,NULL),(496,1,2,1,-20,'expenses','cash','Cigs','2017-10-19 13:30:38',NULL,NULL,NULL,NULL),(497,1,2,1,-100,'expenses','cash','Lunch','2017-10-19 11:30:52',NULL,NULL,NULL,NULL),(498,1,21,1,-60,'expenses','cash','','2017-10-18 11:45:23',NULL,NULL,NULL,NULL),(499,1,2,1,-50,'expenses','cash','Lays, Candies','2017-10-17 20:30:03',NULL,NULL,NULL,NULL),(500,1,15,1,-498,'expenses','cash','Clenil Ampoules for Aersol (nebules) (407), NS 0.9/10ml (Otsuka) (20), Acefyl (52), Bd Syringe (20)','2017-10-17 11:00:34',NULL,NULL,NULL,NULL),(501,1,36,1,-200,'expenses','cash','Stickers for Mustafa','2017-10-17 11:00:03',NULL,NULL,NULL,NULL),(502,1,20,1,-500,'expenses','cash','Mustafa\'s checkup from Doctor Zawar','2017-10-17 10:30:25',NULL,NULL,NULL,NULL),(503,1,15,1,-644,'expenses','cash','Jardin D (175), Olcuf Plus (195), Atem (Nebulizer Sol) 2ml (122), 9% amp 25ml (18), Syringe (12)','2017-10-17 02:00:39',NULL,NULL,NULL,NULL),(504,1,20,1,-300,'expenses','cash','Mustafa\'s checkup','2017-10-17 01:00:49',NULL,NULL,NULL,NULL),(505,1,2,1,-20,'expenses','cash','Cigs','2017-10-16 22:30:46',NULL,NULL,NULL,NULL),(506,1,2,1,-60,'expenses','cash','Lunch','2017-10-16 11:30:46',NULL,NULL,NULL,NULL),(507,1,46,1,-250,'expenses','cash','Nivea Cream','2017-10-15 21:15:43',NULL,NULL,NULL,NULL),(508,1,2,1,-325,'expenses','cash','Rabri Milk, Pizza','2017-10-15 21:00:05',NULL,NULL,NULL,NULL),(509,1,49,1,-990,'expenses','cash','Mustafa\'s Books','2017-10-15 20:45:59',NULL,NULL,NULL,NULL),(510,1,50,1,-290,'expenses','cash','Baloons, Water','2017-10-15 17:30:44',NULL,NULL,NULL,NULL),(511,1,16,1,-2850,'expenses','cash','Biscuits, Glasses, Wafers, Oranges etc. from Metro','2017-10-14 22:00:43',NULL,NULL,NULL,NULL),(512,1,2,1,-40,'expenses','cash','Juice, Lays','2017-10-14 15:00:59',NULL,NULL,NULL,NULL),(513,1,2,1,-20,'expenses','cash','Cigs','2017-10-13 14:00:23',NULL,NULL,NULL,NULL),(514,1,2,1,-100,'expenses','cash','Lunch','2017-10-13 11:30:33',NULL,NULL,NULL,NULL),(515,1,2,1,-170,'expenses','cash','Rotiyan (80), Yogurt (90)','2017-10-12 21:00:43',NULL,NULL,NULL,NULL),(516,1,2,1,-670,'expenses','cash','Cake for Ammi, Cold Drinks','2017-10-12 20:45:52',NULL,NULL,NULL,NULL),(517,1,2,1,-100,'expenses','cash','Lunch','2017-10-12 12:00:57',NULL,NULL,NULL,NULL),(518,1,2,1,-260,'expenses','cash','Milk','2017-10-11 23:30:19',NULL,NULL,NULL,NULL),(519,1,28,1,-2058,'expenses','cash','','2017-10-11 22:30:11',NULL,NULL,NULL,NULL),(520,1,13,1,-6000,'expenses','cash','','2017-10-11 22:00:24',NULL,NULL,NULL,NULL),(521,1,2,1,-40,'expenses','cash','Lunch','2017-10-11 11:30:33',NULL,NULL,NULL,NULL),(522,1,2,1,-600,'expenses','cash','Cake for Aunti Fauzia','2017-10-10 22:15:36',NULL,NULL,NULL,NULL),(523,2,35,1,-25000,'expenses','cash','Car Installment','2017-10-10 21:00:25',NULL,NULL,NULL,NULL),(524,1,2,1,-20,'expenses','cash','Cigs','2017-10-10 13:30:01',NULL,NULL,NULL,NULL),(525,1,2,1,-110,'expenses','cash','Lunch','2017-10-10 11:30:23',NULL,NULL,NULL,NULL),(526,1,2,1,-20,'expenses','transfer','Cigs','2017-10-09 19:01:19',NULL,NULL,NULL,NULL),(527,1,16,1,-35000,'expenses','cash','','2017-10-09 00:29:34',NULL,NULL,NULL,NULL),(528,1,2,1,-40,'expenses','cash','Cigs','2017-10-08 00:15:38',NULL,NULL,NULL,NULL),(529,1,2,1,-130,'expenses','cash','Jalebi','2017-10-07 21:30:17',NULL,NULL,NULL,NULL),(530,1,2,1,-220,'expenses','cash','Sprite, Coke, Chocolate','2017-10-06 21:15:21',NULL,NULL,NULL,NULL),(531,1,2,1,-120,'expenses','cash','Sabzi, Juice','2017-10-06 17:30:25',NULL,NULL,NULL,NULL),(532,2,51,1,-20090,'expenses','transfer','Given to Jawad or Azeem for Azeem\'s mobile phone','2017-10-06 15:15:18',NULL,NULL,NULL,NULL),(533,1,52,1,90000,'income','cash','','2017-10-06 00:34:18',NULL,NULL,NULL,NULL),(534,1,2,1,-240,'expenses','cash','Milk','2017-10-06 00:30:04',NULL,NULL,NULL,NULL),(535,1,11,1,-1500,'expenses','transfer','','2017-10-05 23:30:48',NULL,NULL,NULL,NULL),(536,1,18,1,-9242,'expenses','transfer','Electricity Bill','2017-10-05 23:15:47',NULL,NULL,NULL,NULL),(537,2,6,1,-580,'expenses','cash','Toll Tax (Islamabad to Lahore)','2017-10-05 20:30:19',NULL,NULL,NULL,'Annual Trip'),(538,1,6,1,-30,'expenses','transfer','ATM Fees','2017-10-05 19:30:31',NULL,NULL,NULL,NULL),(539,2,2,1,-170,'expenses','cash','Juice, Bunties','2017-10-05 18:30:23',NULL,NULL,NULL,'Annual Trip'),(540,2,28,1,-1630,'expenses','cash','From Islamabad to Lahore','2017-10-05 18:00:23',NULL,NULL,NULL,'Annual Trip'),(541,2,2,1,-670,'expenses','cash','Chicken Rolls, Salad, Water, Lays, Kinder Joy','2017-10-05 17:30:11',NULL,NULL,NULL,'Annual Trip'),(542,1,21,1,-30,'expenses','cash','','2017-10-05 17:00:35',NULL,NULL,NULL,'Annual Trip'),(543,2,4,1,-5000,'expenses','cash','Cane Ping','2017-10-05 15:00:41',NULL,NULL,NULL,'Annual Trip'),(544,2,21,1,-1030,'expenses','cash','Given to Hotel waiter','2017-10-05 12:30:25',NULL,NULL,NULL,'Annual Trip'),(545,2,2,1,-800,'expenses','cash','Breakfast at Muree hotel','2017-10-05 12:15:16',NULL,NULL,NULL,'Annual Trip'),(546,2,2,1,-250,'expenses','cash','Milk, Tea, Kurkure','2017-10-04 23:15:53',33.90636,73.39497,NULL,'Annual Trip'),(547,2,22,1,-2500,'expenses','cash','Gift for Fatima, Almas, Azmaira, Mahnoor','2017-10-04 22:30:30',33.9057,73.39242,NULL,'Annual Trip'),(548,2,53,1,-500,'expenses','cash','Earrings','2017-10-04 21:45:28',33.90638,73.39483,NULL,'Annual Trip'),(549,2,2,1,-3350,'expenses','cash','Lunch at PC Bhurbun','2017-10-04 18:00:52',33.9057,73.39242,NULL,'Annual Trip'),(550,2,6,1,-200,'expenses','cash','Toll Tax for entry in PC','2017-10-04 17:30:31',33.9057,73.39242,NULL,'Annual Trip'),(551,2,42,1,-80,'expenses','cash','At Sozo Adventure Park','2017-10-04 15:00:57',33.89938,73.39574,NULL,'Annual Trip'),(552,2,2,1,-80,'expenses','cash','Milk','2017-10-03 23:00:37',33.9057,73.39242,NULL,'Annual Trip'),(553,2,21,1,-100,'expenses','cash','','2017-10-03 22:00:09',33.9057,73.39242,NULL,'Annual Trip'),(554,2,2,1,-1200,'expenses','cash','Dinner in Restaurant in Muree','2017-10-03 21:45:02',NULL,NULL,NULL,'Annual Trip'),(555,1,21,1,-50,'expenses','cash','','2017-10-03 20:30:32',NULL,NULL,NULL,'Annual Trip'),(556,1,21,1,-400,'expenses','cash','Given to Hotel guides','2017-10-03 20:15:40',NULL,NULL,NULL,'Annual Trip'),(557,2,37,1,-10000,'expenses','cash','Stay in Muree','2017-10-03 20:00:00',33.89968,73.39795,NULL,'Annual Trip'),(558,1,6,1,-30,'expenses','cash','ATM Fees','2017-10-03 19:45:02',NULL,NULL,NULL,'Annual Trip'),(559,1,10,1,-100,'expenses','mobile payment','Easyload to Shumaila\'s mobile','2017-10-03 18:30:14',NULL,NULL,NULL,'Annual Trip'),(560,2,6,1,-50,'expenses','cash','Toll Tax For Muree','2017-10-03 16:00:27',33.9057,73.39242,NULL,'Annual Trip'),(561,2,28,1,-1980,'expenses','cash','','2017-10-03 15:00:45',33.89938,73.39574,NULL,'Annual Trip'),(562,2,37,1,-10440,'expenses','debit card','Stay in Rawalpindi','2017-10-03 00:15:30',NULL,NULL,NULL,'Annual Trip'),(563,1,15,1,-158,'expenses','cash','Panadol, Hydralin, Vicks','2017-10-02 23:30:13',NULL,NULL,NULL,'Annual Trip'),(564,2,6,1,-580,'expenses','cash','Toll Plaza Tax','2017-10-02 22:00:24',NULL,NULL,NULL,'Annual Trip'),(565,2,2,1,-40,'expenses','cash','Water','2017-10-02 21:50:37',33.58871,73.05866,NULL,'Annual Trip'),(566,2,2,1,-600,'expenses','cash','2x Zinger Burgers','2017-10-02 21:45:18',NULL,NULL,NULL,'Annual Trip'),(567,2,2,1,-130,'expenses','cash','Chai, Nimko from Motorway','2017-10-02 20:30:40',NULL,NULL,NULL,'Annual Trip'),(568,2,2,1,-480,'expenses','cash','Burger','2017-10-02 17:00:08',NULL,NULL,NULL,'Annual Trip'),(569,2,28,1,-2550,'expenses','cash','','2017-10-02 16:30:47',NULL,NULL,NULL,'Annual Trip'),(570,1,31,1,-1800,'expenses','cash','Oil Filter, Oil','2017-10-02 15:45:16',NULL,NULL,NULL,'Annual Trip'),(571,1,21,1,-40,'expenses','cash','','2017-10-02 08:30:44',NULL,NULL,NULL,'Annual Trip'),(572,2,16,1,-1365,'expenses','cash','Milkpak, Dishwashing liquid, Desi Ghee, Diapers, Wipes','2017-10-02 04:00:51',33.58815,73.05815,NULL,'Annual Trip'),(573,1,2,1,-165,'expenses','cash','Chocolates, Lays, Milo','2017-10-01 19:15:30',NULL,NULL,NULL,NULL),(574,1,2,1,-85,'expenses','cash','Yogurt','2017-10-01 19:00:25',NULL,NULL,NULL,NULL),(575,1,2,1,-220,'expenses','cash','Milk','2017-10-01 17:15:51',NULL,NULL,NULL,NULL),(576,1,2,1,-1050,'expenses','cash','Cake, Lays, Chicken Bread, Samosas','2017-10-01 17:00:00',NULL,NULL,NULL,NULL),(577,1,2,1,-130,'expenses','cash','Oye Hoey Chips','2017-09-30 23:00:30',NULL,NULL,NULL,NULL),(578,2,21,1,-3289,'expenses','credit card','Donate to UNHCR','2017-09-30 16:45:30',NULL,NULL,NULL,NULL),(579,1,49,1,-520,'expenses','cash','Rabia\'s Book','2017-09-30 16:15:30',NULL,NULL,NULL,NULL),(580,1,2,1,-705,'expenses','cash','Tender Pops, Biscuits','2017-09-30 16:00:55',NULL,NULL,NULL,NULL),(581,1,48,1,-1000,'expenses','cash','Gas refill in Cylinder','2017-09-30 15:55:51',NULL,NULL,NULL,NULL),(582,1,2,1,-660,'expenses','cash','Sabzi, Seekh Kebab, Chocolate','2017-09-30 02:30:22',NULL,NULL,NULL,NULL),(583,1,2,1,-1000,'expenses','cash','For Office Activity Party','2017-09-29 18:00:49',NULL,NULL,NULL,NULL),(584,1,22,1,-3000,'expenses','cash','Winter clothes for Mustafa','2017-09-29 16:00:09',NULL,NULL,NULL,NULL),(585,1,2,1,-20,'expenses','cash','Cigs','2017-09-29 14:15:33',NULL,NULL,NULL,NULL),(586,1,2,1,-160,'expenses','cash','Lunch','2017-09-29 14:00:49',NULL,NULL,NULL,NULL),(587,2,31,1,-2180,'expenses','cash','Cleaning of Radiator and fixed a leak in pipe','2017-09-29 12:00:34',NULL,NULL,NULL,NULL),(588,1,54,1,-100,'expenses','cash','From Riverview to Car Point Workshop','2017-09-29 11:45:22',NULL,NULL,NULL,NULL),(589,1,54,1,-270,'expenses','cash','From Office to Riverview Home','2017-09-28 20:45:01',NULL,NULL,NULL,NULL),(590,1,2,1,-290,'expenses','credit card','Pizza, 7up','2017-09-28 17:00:30',NULL,NULL,NULL,NULL),(591,1,54,1,-300,'expenses','cash','From Eden to Office in rickshaw','2017-09-28 11:00:23',NULL,NULL,NULL,NULL),(592,1,2,1,-130,'expenses','cash','Milk, Bunties','2017-09-27 22:30:33',NULL,NULL,NULL,NULL),(593,1,2,1,-40,'expenses','cash','Cigs','2017-09-27 13:30:13',NULL,NULL,NULL,NULL),(594,1,2,1,-60,'expenses','cash','Lunch','2017-09-27 11:30:42',NULL,NULL,NULL,NULL),(595,1,38,1,-500,'expenses','cash','Rechargeable Cells, AUX Cable (150)','2017-09-26 14:30:23',NULL,NULL,NULL,NULL),(596,1,10,1,-50,'expenses','mobile payment','Easyload to Shumaila\'s mobile','2017-09-26 14:15:47',NULL,NULL,NULL,NULL),(597,1,2,1,-130,'expenses','cash','Lunch','2017-09-26 11:30:27',NULL,NULL,NULL,NULL),(598,1,21,1,-6,'expenses','cash','','2017-09-26 00:35:26',NULL,NULL,NULL,NULL),(599,1,22,1,-460,'expenses','cash','Pads','2017-09-26 00:15:34',NULL,NULL,NULL,NULL),(600,1,28,1,-100,'expenses','cash','in Motorcycle','2017-09-25 21:15:03',NULL,NULL,NULL,NULL),(601,1,2,1,-100,'expenses','cash','Fries','2017-09-25 17:00:39',NULL,NULL,NULL,NULL),(602,1,2,1,-20,'expenses','cash','Cigs','2017-09-25 13:30:24',NULL,NULL,NULL,NULL),(603,1,2,1,-45,'expenses','cash','Coke','2017-09-25 11:30:12',NULL,NULL,NULL,NULL),(604,1,21,1,-20,'expenses','cash','','2017-09-24 16:00:27',NULL,NULL,NULL,NULL),(605,1,10,1,-30,'expenses','mobile payment','Easyload to Shumaila\'s mobile','2017-09-24 01:00:30',NULL,NULL,NULL,NULL),(606,1,54,1,-300,'expenses','cash','From Jail road to Qazalbaash Chowk','2017-09-23 14:45:09',NULL,NULL,NULL,NULL),(607,1,2,1,-1000,'expenses','cash','Advance for Dinner at Z-Grill','2017-09-23 13:15:29',NULL,NULL,NULL,NULL),(608,1,6,1,-15,'expenses','cash','ATM Fees','2017-09-23 13:00:12',NULL,NULL,NULL,NULL),(609,1,10,1,-30,'expenses','mobile payment','Easyload to Shumaila\'s mobile','2017-09-23 01:00:59',NULL,NULL,NULL,NULL),(610,1,28,1,-1500,'expenses','cash','','2017-09-21 21:00:14',NULL,NULL,NULL,NULL),(611,1,2,1,-120,'expenses','cash','Lunch','2017-09-21 11:30:43',NULL,NULL,NULL,NULL),(612,1,2,1,-377,'expenses','credit card','Chinese Rice from BarBQ Chef','2017-09-21 01:00:36',NULL,NULL,NULL,NULL),(613,1,2,1,-61,'expenses','cash','Coke, Cigs','2017-09-20 13:30:05',NULL,NULL,NULL,NULL),(614,1,2,1,-130,'expenses','cash','Lays, Candies','2017-09-19 21:45:21',NULL,NULL,NULL,NULL),(615,1,15,1,-20,'expenses','cash','Septran DS','2017-09-19 21:00:52',NULL,NULL,NULL,NULL),(616,1,2,1,-200,'expenses','cash','Lunch','2017-09-19 11:30:53',NULL,NULL,NULL,NULL),(617,1,2,1,-653,'expenses','cash','Coke, Lays, Pringles, Bunties','2017-09-18 21:30:14',NULL,NULL,NULL,NULL),(618,1,10,1,-200,'expenses','mobile payment','Easyload to Ammi\'s mobile','2017-09-18 16:45:59',NULL,NULL,NULL,NULL),(619,1,2,1,-100,'expenses','cash','Office Cake','2017-09-18 15:45:17',NULL,NULL,NULL,NULL),(620,1,28,1,-1000,'expenses','cash','Hi Octane (500)','2017-09-18 13:30:47',NULL,NULL,NULL,NULL),(621,1,19,1,-500,'expenses','cash','Mustafa\'s Birth certificate','2017-09-18 12:30:06',NULL,NULL,NULL,NULL),(622,1,19,1,-200,'expenses','cash','Efidevid for Birth certificate','2017-09-18 12:00:48',NULL,NULL,NULL,NULL),(623,1,49,1,-20,'expenses','cash','Photocopy','2017-09-18 11:45:39',NULL,NULL,NULL,NULL),(624,1,15,1,-212,'expenses','cash','Zopent Tab','2017-09-17 21:30:05',NULL,NULL,NULL,NULL),(625,1,21,1,-10,'expenses','cash','','2017-09-17 16:00:27',NULL,NULL,NULL,NULL),(626,1,2,1,-60,'expenses','cash','Cigs','2017-09-17 14:00:30',NULL,NULL,NULL,NULL),(627,1,2,1,-325,'expenses','credit card','Chicken Roll, Soup from Hot N Spicy','2017-09-17 02:00:33',NULL,NULL,NULL,NULL),(628,1,2,1,-100,'expenses','cash','Given to Ammi','2017-09-16 15:00:28',NULL,NULL,NULL,NULL),(629,1,22,1,-1000,'expenses','cash','For stitching of Shumaila\'s suit','2017-09-15 12:30:22',NULL,NULL,NULL,NULL),(630,1,6,1,-1100,'expenses','transfer','Office Fine','2017-09-14 12:30:04',NULL,NULL,NULL,NULL),(631,1,2,1,-130,'expenses','cash','Lunch','2017-09-14 11:30:23',NULL,NULL,NULL,NULL),(632,1,2,1,-80,'expenses','cash','Cigs','2017-09-13 13:45:10',NULL,NULL,NULL,NULL),(633,2,38,1,-720,'expenses','credit card','Mobile Cover and Screen Protector for Motorola M','2017-09-13 13:25:19',NULL,NULL,NULL,NULL),(634,1,2,1,-50,'expenses','cash','Lunch','2017-09-13 11:00:08',NULL,NULL,NULL,NULL),(635,1,28,1,-1000,'expenses','cash','','2017-09-13 10:15:20',NULL,NULL,NULL,NULL),(636,1,2,1,-350,'expenses','cash','Cake','2017-09-12 23:00:45',NULL,NULL,NULL,NULL),(637,1,2,1,-100,'expenses','cash','Lunch','2017-09-12 11:30:59',NULL,NULL,NULL,NULL),(638,1,2,1,-330,'expenses','credit card','Chinese Rice from Cock N Bull','2017-09-11 16:15:43',NULL,NULL,NULL,NULL),(639,1,6,1,-15,'expenses','cash','Toll Tax','2017-09-11 10:30:25',NULL,NULL,NULL,NULL),(640,1,2,1,-1133,'expenses','debit card','Dosa, Pathuray, Chicken Tandoori from Bombay Chowpatty','2017-09-10 22:15:33',NULL,NULL,NULL,NULL),(641,1,34,1,-1000,'expenses','debit card','Given to Rabia birthday gift','2017-09-10 21:45:07',NULL,NULL,NULL,NULL),(642,1,15,1,-105,'expenses','debit card','Betnovate, Dettol','2017-09-10 21:30:16',NULL,NULL,NULL,NULL),(643,1,2,1,-290,'expenses','debit card','Burger','2017-09-10 20:30:16',NULL,NULL,NULL,NULL),(644,1,21,1,-20,'expenses','cash','','2017-09-10 20:15:46',NULL,NULL,NULL,NULL),(645,1,28,1,-1000,'expenses','cash','Hi Octane','2017-09-10 20:15:03',NULL,NULL,NULL,NULL),(646,1,34,1,-500,'expenses','cash','Dupatta for Rabia','2017-09-10 18:30:46',NULL,NULL,NULL,NULL),(647,1,13,1,-5000,'expenses','cash','Given to Ammi','2017-09-10 15:00:21',NULL,NULL,NULL,NULL),(648,1,2,1,-45,'expenses','cash','Ice Cream','2017-09-10 13:30:31',NULL,NULL,NULL,NULL),(649,1,2,1,-130,'expenses','credit card','Chinese Rice from Hot N Spicy','2017-09-10 01:30:49',NULL,NULL,NULL,NULL),(650,1,21,1,-50,'expenses','cash','','2017-09-10 01:30:36',NULL,NULL,NULL,NULL),(651,1,42,1,-20,'expenses','cash','','2017-09-09 22:30:10',NULL,NULL,NULL,NULL),(652,1,2,1,-20,'expenses','cash','Cigs','2017-09-09 14:15:05',NULL,NULL,NULL,NULL),(653,1,38,1,-4500,'expenses','cash','Chromecast','2017-09-09 12:30:45',31.44182957,74.24274414,NULL,NULL),(654,1,28,1,-500,'expenses','debit card','','2017-09-09 11:15:47',NULL,NULL,NULL,NULL),(655,1,16,1,-35000,'expenses','cash','','2017-09-09 00:29:34',NULL,NULL,NULL,NULL),(656,1,2,1,-150,'expenses','cash','Lunch','2017-09-08 11:30:25',NULL,NULL,NULL,NULL),(657,1,13,1,-5000,'expenses','cash','Given to Shumaila','2017-09-08 00:45:19',NULL,NULL,NULL,NULL),(658,1,2,1,-180,'expenses','cash','Jam-e-Sheeren','2017-09-08 00:15:51',NULL,NULL,NULL,NULL),(659,1,2,1,-85,'expenses','cash','Coke','2017-09-08 00:10:14',NULL,NULL,NULL,NULL),(660,1,2,1,-50,'expenses','cash','Bread','2017-09-07 17:00:27',NULL,NULL,NULL,NULL),(661,1,28,1,-500,'expenses','cash','','2017-09-07 16:30:03',NULL,NULL,NULL,NULL),(662,2,39,1,-9600,'expenses','transfer','Air Ticket for Karachi','2017-09-07 15:45:09',NULL,NULL,NULL,NULL),(663,1,2,1,-70,'expenses','cash','Pastry, Milo','2017-09-06 23:00:42',NULL,NULL,NULL,NULL),(664,1,6,1,-15,'expenses','cash','ATM Fees','2017-09-06 21:15:42',NULL,NULL,NULL,NULL),(665,1,31,1,-2350,'expenses','cash','Oil Filter, Oil For Daddy\'s Car','2017-09-06 21:15:09',NULL,NULL,NULL,NULL),(666,1,2,1,-100,'expenses','cash','','2017-09-06 18:00:55',NULL,NULL,NULL,NULL),(667,1,18,1,-8549,'expenses','cash','Electricity Bill','2017-09-06 17:00:33',NULL,NULL,NULL,NULL),(668,1,2,1,-50,'expenses','cash','Lunch','2017-09-06 11:00:16',NULL,NULL,NULL,NULL),(669,1,28,1,-500,'expenses','cash','in Daddy\'s car','2017-09-06 10:30:57',NULL,NULL,NULL,NULL),(670,1,52,1,90000,'income','cash','','2017-09-06 00:34:20',NULL,NULL,NULL,NULL),(671,1,2,1,-235,'expenses','cash','Veg Roll, Chicken Roll, Malt, Bunties','2017-09-05 23:00:43',NULL,NULL,NULL,NULL),(672,1,15,1,-323,'expenses','cash','Zopent Tab (235), Zantac Tab (88)','2017-09-05 23:00:37',NULL,NULL,NULL,NULL),(673,1,28,1,-500,'expenses','cash','Hi Octane','2017-09-05 19:45:34',NULL,NULL,NULL,NULL),(674,1,2,1,-60,'expenses','cash','Lunch','2017-09-05 11:30:23',NULL,NULL,NULL,NULL),(675,1,2,1,-90,'expenses','cash','Lays, Bread','2017-09-04 11:00:26',NULL,NULL,NULL,NULL),(676,1,28,1,-500,'expenses','cash','','2017-09-03 20:00:59',NULL,NULL,NULL,NULL),(677,1,55,1,-30,'expenses','cash','Toll Tax','2017-09-03 19:00:33',NULL,NULL,NULL,NULL),(678,1,22,1,-977,'expenses','cash','Diapers','2017-09-03 01:00:49',NULL,NULL,NULL,NULL),(679,2,34,1,-500,'expenses','cash','Eidi to Mustafa','2017-09-02 10:30:14',NULL,NULL,NULL,NULL),(680,1,2,1,-30,'expenses','cash','Malt','2017-09-02 10:00:33',NULL,NULL,NULL,NULL),(681,1,2,1,-200,'expenses','cash','Samosay','2017-09-01 19:45:59',NULL,NULL,NULL,NULL),(682,1,22,1,-1499,'expenses','cash','Shumaila\'s Shoes (1299), Ammi\'s Shoes (2699, 2500 given by Daddy)','2017-09-01 19:00:58',NULL,NULL,NULL,NULL),(683,1,21,1,-130,'expenses','cash','','2017-09-01 18:45:53',NULL,NULL,NULL,NULL),(684,1,2,1,-10,'expenses','cash','Cigs','2017-09-01 14:30:16',NULL,NULL,NULL,NULL),(685,1,2,1,-200,'expenses','cash','Bread, Eggs, Juice','2017-09-01 12:30:21',NULL,NULL,NULL,NULL),(686,2,21,1,-12000,'expenses','cash','Qurbaani on Eid-ul-Azha','2017-09-01 01:00:03',NULL,NULL,NULL,NULL),(687,1,2,1,-40,'expenses','cash','Cigs','2017-09-01 00:30:19',NULL,NULL,NULL,NULL),(688,1,28,1,-500,'expenses','cash','','2017-08-31 21:45:31',NULL,NULL,NULL,NULL),(689,2,21,1,-3000,'expenses','cash','For Akhtar Khan (Office boy)','2017-08-31 10:00:13',NULL,NULL,NULL,NULL),(690,1,2,1,-120,'expenses','cash','Pizza, Lays','2017-08-31 09:30:03',NULL,NULL,NULL,NULL),(691,1,15,1,-3950,'expenses','cash','Triflex','2017-08-30 20:15:24',NULL,NULL,NULL,NULL),(692,1,15,1,-940,'expenses','cash','Vitamin D3 Inj, Trenaline x2','2017-08-30 19:45:15',NULL,NULL,NULL,NULL),(693,1,2,1,-250,'expenses','cash','Sandwich','2017-08-30 17:00:58',NULL,NULL,NULL,NULL),(694,1,10,1,-470,'expenses','mobile payment','Telenor Bill','2017-08-30 14:45:26',NULL,NULL,NULL,NULL),(695,1,2,1,-40,'expenses','cash','Cigs','2017-08-29 13:15:28',NULL,NULL,NULL,NULL),(696,1,2,1,-100,'expenses','cash','Lunch','2017-08-29 11:30:47',NULL,NULL,NULL,NULL),(697,1,22,1,-306,'expenses','cash','Pads','2017-08-28 23:00:48',NULL,NULL,NULL,NULL),(698,1,2,1,-70,'expenses','cash','Bread','2017-08-28 23:00:24',NULL,NULL,NULL,NULL),(699,1,34,1,-1000,'expenses','cash','Mustafa\'s Clothes, Toy Engine','2017-08-28 18:00:07',NULL,NULL,NULL,NULL),(700,1,2,1,-100,'expenses','cash','Lunch','2017-08-28 11:30:32',NULL,NULL,NULL,NULL),(701,1,28,1,-1000,'expenses','cash','','2017-08-28 10:15:18',NULL,NULL,NULL,NULL),(702,1,22,1,-2000,'expenses','cash','Shumaila\'s Clothes, Mustafa\'s Clothes','2017-08-27 22:30:59',NULL,NULL,NULL,NULL),(703,1,2,1,-40,'expenses','cash','Juice','2017-08-26 23:00:53',NULL,NULL,NULL,NULL),(704,1,18,1,-1000,'expenses','transfer','Eden Value Homes Electricity Bill','2017-08-25 23:15:10',NULL,NULL,NULL,NULL),(705,1,21,1,-120,'expenses','cash','','2017-08-25 22:51:06',NULL,NULL,NULL,NULL),(706,1,2,1,-870,'expenses','cash','Dinner at Model Town','2017-08-25 20:00:27',NULL,NULL,NULL,NULL),(707,1,2,1,-100,'expenses','cash','Office Cake','2017-08-25 16:00:08',NULL,NULL,NULL,NULL),(708,1,2,1,-50,'expenses','cash','Lunch','2017-08-25 11:30:18',NULL,NULL,NULL,NULL),(709,2,34,1,-2500,'expenses','cash','Shumaila\'s Gift','2017-08-24 15:30:39',31.4420249,74.2427297,NULL,NULL),(710,1,2,1,-500,'expenses','cash','Paid to Daddy for Hoteling','2017-08-24 10:30:38',NULL,NULL,NULL,NULL),(711,1,28,1,-1000,'expenses','cash','','2017-08-24 10:15:39',NULL,NULL,NULL,NULL),(712,1,21,1,-40,'expenses','cash','','2017-08-24 10:00:14',NULL,NULL,NULL,NULL),(713,1,2,1,-35,'expenses','cash','Milo','2017-08-23 23:30:06',NULL,NULL,NULL,NULL),(714,1,15,1,-655,'expenses','cash','Nuberol (383+42), Osnate D (230)','2017-08-23 23:30:03',NULL,NULL,NULL,NULL),(715,1,2,1,-200,'expenses','cash','Lays','2017-08-23 23:00:57',NULL,NULL,NULL,NULL),(716,1,2,1,-100,'expenses','cash','Lunch','2017-08-22 11:30:45',NULL,NULL,NULL,NULL),(717,1,2,1,-150,'expenses','cash','Cigs','2017-08-21 13:15:27',NULL,NULL,NULL,NULL),(718,1,2,1,-60,'expenses','cash','Lunch','2017-08-21 11:30:39',NULL,NULL,NULL,NULL),(719,1,21,1,-60,'expenses','cash','','2017-08-20 22:30:37',NULL,NULL,NULL,NULL),(720,1,2,1,-121,'expenses','cash','Milk, Sprite','2017-08-20 22:30:12',NULL,NULL,NULL,NULL),(721,1,11,1,-1500,'expenses','transfer','','2017-08-20 19:30:54',NULL,NULL,NULL,NULL),(722,1,10,1,-400,'expenses','mobile payment','Telenor Bill','2017-08-20 04:45:09',NULL,NULL,NULL,NULL),(723,1,2,1,-200,'expenses','cash','Popcorns','2017-08-19 23:00:11',NULL,NULL,NULL,NULL),(724,1,15,1,-200,'expenses','cash','Airtal Tab','2017-08-19 00:30:23',NULL,NULL,NULL,NULL),(725,1,2,1,-30,'expenses','cash','Water','2017-08-18 23:30:55',NULL,NULL,NULL,NULL),(726,1,2,1,-40,'expenses','cash','Cigs','2017-08-18 17:00:06',NULL,NULL,NULL,NULL),(727,1,2,1,-200,'expenses','cash','Lunch','2017-08-18 11:30:56',NULL,NULL,NULL,NULL),(728,1,28,1,-1000,'expenses','cash','','2017-08-18 10:15:25',NULL,NULL,NULL,NULL),(729,1,42,1,-30,'expenses','cash','At Fortress','2017-08-17 20:15:50',NULL,NULL,NULL,NULL),(730,1,2,1,-60,'expenses','cash','Coke','2017-08-17 20:00:17',NULL,NULL,NULL,NULL),(731,1,13,1,-470,'expenses','cash','Given to Abbas','2017-08-17 16:30:14',NULL,NULL,NULL,NULL),(732,1,2,1,-20,'expenses','cash','Cigs','2017-08-17 11:30:53',NULL,NULL,NULL,NULL),(733,1,42,1,-30,'expenses','cash','At Hafeez Center','2017-08-17 11:30:02',NULL,NULL,NULL,NULL),(734,1,38,1,-550,'expenses','cash','Given to Abbas for Car charger','2017-08-17 10:45:03',NULL,NULL,NULL,NULL),(735,1,6,1,-550,'expenses','cash','Given to Abbas','2017-08-16 13:00:05',NULL,NULL,NULL,NULL),(736,2,31,1,-3500,'expenses','cash','AC repair','2017-08-16 12:30:27',31.52117747,74.34798902,NULL,NULL),(737,1,6,1,-15,'expenses','transfer','ATM Fees','2017-08-16 12:00:01',NULL,NULL,NULL,NULL),(738,1,2,1,-40,'expenses','cash','Lunch','2017-08-16 11:30:05',NULL,NULL,NULL,NULL),(739,1,2,1,-30,'expenses','cash','Malt','2017-08-15 21:00:58',NULL,NULL,NULL,NULL),(740,1,34,1,-500,'expenses','cash','Given to Bareera','2017-08-15 20:30:32',NULL,NULL,NULL,NULL),(741,1,2,1,-70,'expenses','cash','Lunch','2017-08-15 11:30:25',NULL,NULL,NULL,NULL),(742,1,6,1,-30,'expenses','cash','Toll Tax','2017-08-14 22:15:05',NULL,NULL,NULL,NULL),(743,1,21,1,-20,'expenses','cash','','2017-08-14 21:00:10',NULL,NULL,NULL,NULL),(744,1,15,1,-520,'expenses','cash','Celd Tab','2017-08-13 23:30:31',NULL,NULL,NULL,NULL),(745,1,2,1,-160,'expenses','cash','Chicken Patty','2017-08-13 23:30:06',NULL,NULL,NULL,NULL),(746,1,2,1,-25,'expenses','cash','Candies','2017-08-13 20:45:20',NULL,NULL,NULL,NULL),(747,1,2,1,-25,'expenses','cash','Lays, Candies','2017-08-13 18:00:01',NULL,NULL,NULL,NULL),(748,1,2,1,-90,'expenses','cash','Sprite','2017-08-13 16:00:32',NULL,NULL,NULL,NULL),(749,1,15,1,-77,'expenses','cash','ABC Toothpaste (65), Panadol (12)','2017-08-12 23:45:03',NULL,NULL,NULL,NULL),(750,1,2,1,-100,'expenses','cash','Milk','2017-08-12 23:30:29',NULL,NULL,NULL,NULL),(751,1,16,1,-634,'expenses','cash','Powder (185), Toothbrush (99), Chicken Pops (220), Dairy Milk Bar (130)','2017-08-12 23:00:44',NULL,NULL,NULL,NULL),(752,1,22,1,-550,'expenses','cash','T-shirt for Almas, Trousers for Mustafa','2017-08-12 22:45:00',NULL,NULL,NULL,NULL),(753,1,2,1,-200,'expenses','cash','Lays, Candies','2017-08-12 20:30:57',NULL,NULL,NULL,NULL),(754,1,2,1,-150,'expenses','cash','Lunch','2017-08-11 11:30:02',NULL,NULL,NULL,NULL),(755,1,28,1,-2000,'expenses','debit card','','2017-08-11 10:15:00',NULL,NULL,NULL,NULL),(756,1,2,1,-100,'expenses','cash','Fries','2017-08-10 16:00:56',NULL,NULL,NULL,NULL),(757,1,6,1,-15,'expenses','transfer','ATM Fees','2017-08-10 11:45:12',NULL,NULL,NULL,NULL),(758,1,34,1,-50,'expenses','cash','Lighting Guitar','2017-08-10 00:00:00',NULL,NULL,NULL,NULL),(759,1,21,1,-50,'expenses','cash','','2017-08-09 20:00:27',NULL,NULL,NULL,NULL),(760,1,56,1,-1840,'expenses','cash','Earphones','2017-08-09 19:30:37',NULL,NULL,NULL,NULL),(761,1,2,1,-800,'expenses','cash','cake for Fatima\'s Birthday','2017-08-08 21:00:03',NULL,NULL,NULL,NULL),(762,1,21,1,-1000,'expenses','cash','','2017-08-08 20:00:31',NULL,NULL,NULL,NULL),(763,1,34,1,-1500,'expenses','cash','Gift for Fatima, Almas and Mustafa','2017-08-08 18:00:26',NULL,NULL,NULL,NULL),(764,1,2,1,-100,'expenses','cash','Office Cake','2017-08-08 15:00:49',NULL,NULL,NULL,NULL),(765,1,2,1,-150,'expenses','cash','Cigs','2017-08-08 13:15:05',NULL,NULL,NULL,NULL),(766,1,13,1,-5000,'expenses','cash','Given to Shumaila','2017-08-07 22:30:39',NULL,NULL,NULL,NULL),(767,1,16,1,-37000,'expenses','cash','','2017-08-07 22:30:34',NULL,NULL,NULL,NULL),(768,1,13,1,-5000,'expenses','cash','Given to Ammi','2017-08-07 22:30:22',NULL,NULL,NULL,NULL),(769,1,2,1,-10,'expenses','cash','Cigs','2017-08-07 20:00:20',NULL,NULL,NULL,NULL),(770,1,21,1,-20,'expenses','cash','','2017-08-07 10:21:34',NULL,NULL,NULL,NULL),(771,1,28,1,-1000,'expenses','cash','','2017-08-07 10:15:11',NULL,NULL,NULL,NULL),(772,1,2,1,-470,'expenses','cash','Burger','2017-08-06 23:30:54',NULL,NULL,NULL,NULL),(773,1,18,1,-6077,'expenses','transfer','Electricity Bill','2017-08-06 19:00:40',NULL,NULL,NULL,NULL),(774,1,2,1,-270,'expenses','cash','Pizza (250), Bunties (20)','2017-08-05 20:16:55',NULL,NULL,NULL,NULL),(775,1,52,1,90000,'income','cash','','2017-08-05 00:34:20',NULL,NULL,NULL,NULL),(776,1,2,1,-60,'expenses','cash','Malt','2017-08-04 23:30:34',NULL,NULL,NULL,NULL),(777,1,22,1,-977,'expenses','cash','Diapers','2017-08-04 23:30:14',NULL,NULL,NULL,NULL),(778,1,2,1,-270,'expenses','cash','Lays, Nimko, Fruit Cake','2017-08-03 23:15:07',NULL,NULL,NULL,NULL),(779,1,2,1,-500,'expenses','cash','Lunch','2017-08-03 11:30:03',NULL,NULL,NULL,NULL),(780,1,2,1,-325,'expenses','cash','Milk (260), Chocolates (65)','2017-08-02 23:45:40',NULL,NULL,NULL,NULL),(781,1,22,1,-1000,'expenses','cash','Mustafa\'s Clothes, Azmaira and Mahnoor clothes','2017-08-02 22:30:54',NULL,NULL,NULL,NULL),(782,1,42,1,-30,'expenses','cash','In Fortress','2017-08-02 20:30:28',NULL,NULL,NULL,NULL),(783,1,6,1,-15,'expenses','transfer','ATM Fees','2017-08-02 20:15:56',NULL,NULL,NULL,NULL),(784,1,10,1,-100,'expenses','debit card','Telenor Card','2017-08-02 11:30:14',NULL,NULL,NULL,NULL),(785,1,28,1,-1000,'expenses','debit card','','2017-08-01 10:15:15',NULL,NULL,NULL,NULL),(786,1,10,1,-300,'expenses','transfer','Telenor Bill','2017-07-31 23:15:36',NULL,NULL,NULL,NULL),(787,1,2,1,-100,'expenses','cash','Lunch','2017-07-31 13:15:59',NULL,NULL,NULL,NULL),(788,1,48,1,-30,'expenses','cash','Lighter','2017-07-31 00:15:56',NULL,NULL,NULL,NULL),(789,1,22,1,-330,'expenses','debit card','Diapers (330), Pads (330), Rs.330 paid by Daddy','2017-07-31 00:15:53',NULL,NULL,NULL,NULL),(790,1,2,1,-90,'expenses','cash','Milk (260), 170 paid by Daddy','2017-07-31 00:15:09',NULL,NULL,NULL,NULL),(791,1,2,1,-100,'expenses','cash','Chicken Paratha (90), Gourmet Cola (23)','2017-07-30 18:00:32',NULL,NULL,NULL,NULL),(792,1,25,1,-1075,'expenses','credit card','Spring & Hibernate Tutorial','2017-07-29 23:45:51',NULL,NULL,NULL,NULL),(793,1,2,1,-50,'expenses','cash','Mint, Lemon','2017-07-29 19:30:06',NULL,NULL,NULL,NULL),(794,1,2,1,-1400,'expenses','debit card','Cake for Daddy','2017-07-29 19:00:11',NULL,NULL,NULL,NULL),(795,1,2,1,-590,'expenses','debit card','Coke, Rice','2017-07-29 19:00:06',NULL,NULL,NULL,NULL),(796,1,15,1,-70,'expenses','cash','Rigix Tab','2017-07-28 23:00:39',NULL,NULL,NULL,NULL),(797,1,2,1,-400,'expenses','cash','Lays, Malt, Chocolates, Tea','2017-07-28 22:30:00',NULL,NULL,NULL,NULL),(798,1,2,1,-260,'expenses','cash','Milk','2017-07-28 21:45:28',NULL,NULL,NULL,NULL),(799,1,2,1,-150,'expenses','cash','Lunch','2017-07-28 11:30:29',NULL,NULL,NULL,NULL),(800,1,21,1,-20,'expenses','cash','','2017-07-28 10:15:13',NULL,NULL,NULL,NULL),(801,1,28,1,-1000,'expenses','debit card','','2017-07-28 10:15:10',NULL,NULL,NULL,NULL),(802,1,16,1,-87,'expenses','cash','Feeder Nipple, Polybion Forte Syrup','2017-07-27 23:30:17',NULL,NULL,NULL,NULL),(803,1,38,1,-200,'expenses','cash','Car remote cells','2017-07-27 20:30:30',NULL,NULL,NULL,NULL),(804,1,2,1,-150,'expenses','cash','Cigs','2017-07-27 13:30:36',NULL,NULL,NULL,NULL),(805,1,2,1,-40,'expenses','cash','Lunch','2017-07-27 11:30:16',NULL,NULL,NULL,NULL),(806,1,21,1,-100,'expenses','cash','','2017-07-26 18:00:42',NULL,NULL,NULL,NULL),(807,1,2,1,-85,'expenses','cash','Yogurt','2017-07-25 21:30:35',NULL,NULL,NULL,NULL),(808,1,2,1,-40,'expenses','cash','Cigs','2017-07-25 13:30:12',NULL,NULL,NULL,NULL),(809,1,2,1,-100,'expenses','cash','Lunch','2017-07-25 11:30:37',NULL,NULL,NULL,NULL),(810,1,2,1,-520,'expenses','cash','Sandwiches x4 (130)','2017-07-24 18:15:16',NULL,NULL,NULL,NULL),(811,1,42,1,-30,'expenses','cash','In PACE','2017-07-24 18:00:01',NULL,NULL,NULL,NULL),(812,1,2,1,-100,'expenses','cash','Chips','2017-07-24 17:45:55',NULL,NULL,NULL,NULL),(813,1,2,1,-50,'expenses','cash','Water','2017-07-24 17:45:26',NULL,NULL,NULL,NULL),(814,1,47,1,-150,'expenses','cash','Mustafa\'s Sun Glasses :)','2017-07-24 17:00:34',NULL,NULL,NULL,NULL),(815,1,28,1,-1000,'expenses','cash','','2017-07-24 16:30:40',NULL,NULL,NULL,NULL),(816,1,2,1,-130,'expenses','cash','Coke, Elfy','2017-07-24 12:00:12',NULL,NULL,NULL,NULL),(817,1,2,1,-310,'expenses','cash','Jam-e-Sheeren','2017-07-23 22:30:53',NULL,NULL,NULL,NULL),(818,1,2,1,-90,'expenses','cash','Lays, Chips','2017-07-23 21:00:53',NULL,NULL,NULL,NULL),(819,1,2,1,-190,'expenses','cash','Hot and Sour Soup','2017-07-22 23:00:11',NULL,NULL,NULL,NULL),(820,1,21,1,-80,'expenses','cash','','2017-07-22 23:00:09',NULL,NULL,NULL,NULL),(821,1,2,1,-120,'expenses','cash','Sabzi','2017-07-22 20:00:27',NULL,NULL,NULL,NULL),(822,1,2,1,-10,'expenses','cash','Rotiyan','2017-07-21 11:30:06',NULL,NULL,NULL,NULL),(823,1,2,1,-75,'expenses','cash','Cigs','2017-07-21 10:45:41',NULL,NULL,NULL,NULL),(824,1,11,1,-1500,'expenses','transfer','EVO Charji recharge','2017-07-20 22:00:34',NULL,NULL,NULL,NULL),(825,1,6,1,-116,'expenses','transfer','Internet Session Activation','2017-07-20 15:30:59',NULL,NULL,NULL,NULL),(826,1,28,1,-500,'expenses','cash','in Daddy\'s car','2017-07-19 21:30:48',NULL,NULL,NULL,NULL),(827,1,2,1,-50,'expenses','cash','Given to Shumaila','2017-07-18 20:30:24',NULL,NULL,NULL,NULL),(828,1,2,1,-100,'expenses','cash','Lunch','2017-07-18 11:30:02',NULL,NULL,NULL,NULL),(829,1,21,1,-10,'expenses','cash','','2017-07-18 11:00:23',NULL,NULL,NULL,NULL),(830,1,2,1,-40,'expenses','cash','Yogurt','2017-07-17 20:45:15',NULL,NULL,NULL,NULL),(831,1,2,1,-100,'expenses','cash','Lunch','2017-07-17 11:30:41',NULL,NULL,NULL,NULL),(832,1,2,1,-210,'expenses','cash','Sabzi','2017-07-16 18:00:41',NULL,NULL,NULL,NULL),(833,1,21,1,-80,'expenses','cash','','2017-07-16 17:30:19',NULL,NULL,NULL,NULL),(834,1,2,1,-320,'expenses','cash','Milkpak (260), Lays (40), Bunties (20)','2017-07-16 16:15:45',NULL,NULL,NULL,NULL),(835,1,10,1,-500,'expenses','cash','Telenor Bill','2017-07-16 15:30:52',NULL,NULL,NULL,NULL),(836,1,2,1,-250,'expenses','cash','Fri Chicks Karizma Burger','2017-07-15 23:00:21',NULL,NULL,NULL,NULL),(837,1,2,1,-220,'expenses','cash','Piyaaz 2Kg (80), Milo (35), Eggs (105)','2017-07-15 12:30:27',NULL,NULL,NULL,NULL),(838,1,2,1,-140,'expenses','cash','Sabzi, Lollipop, Sabat garam masala','2017-07-14 20:45:01',NULL,NULL,NULL,NULL),(839,1,2,1,-50,'expenses','cash','Lunch','2017-07-14 11:30:10',NULL,NULL,NULL,NULL),(840,1,28,1,-1000,'expenses','cash','','2017-07-14 10:30:41',NULL,NULL,NULL,NULL),(841,1,2,1,-50,'expenses','cash','Ice Cream','2017-07-13 23:00:21',NULL,NULL,NULL,NULL),(842,1,2,1,-50,'expenses','cash','Lunch','2017-07-13 11:30:41',NULL,NULL,NULL,NULL),(843,1,2,1,-100,'expenses','cash','Lunch','2017-07-12 11:30:10',NULL,NULL,NULL,NULL),(844,1,21,1,-100,'expenses','cash','','2017-07-11 23:00:12',NULL,NULL,NULL,NULL),(845,1,2,1,-110,'expenses','cash','Chick Peas','2017-07-11 22:30:40',NULL,NULL,NULL,NULL),(846,1,46,1,-120,'expenses','cash','Shampoo','2017-07-11 22:30:20',NULL,NULL,NULL,NULL),(847,1,2,1,-30,'expenses','cash','Cone Ice cream','2017-07-11 22:15:39',NULL,NULL,NULL,NULL),(848,1,28,1,-600,'expenses','cash','','2017-07-11 21:15:38',NULL,NULL,NULL,NULL),(849,1,6,1,-15,'expenses','cash','ATM Fees','2017-07-11 14:40:32',NULL,NULL,NULL,NULL),(850,1,2,1,-150,'expenses','cash','Cigs','2017-07-11 13:45:42',NULL,NULL,NULL,NULL),(851,1,6,1,-500,'expenses','cash','Office Fine','2017-07-10 19:00:07',NULL,NULL,NULL,NULL),(852,1,2,1,-50,'expenses','cash','Lunch','2017-07-10 11:30:29',NULL,NULL,NULL,NULL),(853,1,2,1,-380,'expenses','cash','Coke (220), Malt (30), Yogurt (130)','2017-07-09 20:45:55',NULL,NULL,NULL,NULL),(854,1,15,1,-290,'expenses','cash','Myonal x20','2017-07-09 20:30:52',NULL,NULL,NULL,NULL),(855,1,13,1,-5000,'expenses','cash','Given to Shumaila (2500), Given to Ammi (2500)','2017-07-09 20:00:39',NULL,NULL,NULL,NULL),(856,1,15,1,-278,'expenses','cash','Pregy (140), Acemed (138)','2017-07-09 16:00:50',NULL,NULL,NULL,NULL),(857,1,2,1,-30,'expenses','cash','Rotiyan','2017-07-09 13:00:39',NULL,NULL,NULL,NULL),(858,1,2,1,-110,'expenses','cash','Sabzi, Biscuits','2017-07-09 13:00:19',NULL,NULL,NULL,NULL),(859,1,31,1,-20,'expenses','cash','For filling tyres','2017-07-09 02:15:08',NULL,NULL,NULL,NULL),(860,1,16,1,-32000,'expenses','cash','','2017-07-09 00:29:34',NULL,NULL,NULL,NULL),(861,1,22,1,-309,'expenses','cash','Pads (289), Biscuits (20)','2017-07-08 23:45:33',NULL,NULL,NULL,NULL),(862,1,22,1,-977,'expenses','cash','Diapers','2017-07-08 00:50:58',NULL,NULL,NULL,NULL),(863,1,15,1,-70,'expenses','cash','Rigix Tab','2017-07-08 00:50:26',NULL,NULL,NULL,NULL),(864,1,2,1,-315,'expenses','cash','Jam-e-Sheeren','2017-07-08 00:45:05',NULL,NULL,NULL,NULL),(865,1,2,1,-150,'expenses','cash','Cone Ice cream','2017-07-08 00:30:07',NULL,NULL,NULL,NULL),(866,1,2,1,-100,'expenses','cash','Lunch','2017-07-07 11:30:40',NULL,NULL,NULL,NULL),(867,1,28,1,-500,'expenses','cash','in Daddy\'s car','2017-07-07 10:30:55',NULL,NULL,NULL,NULL),(868,1,2,1,-100,'expenses','cash','Lunch','2017-07-06 23:30:12',NULL,NULL,NULL,NULL),(869,1,2,1,-50,'expenses','cash','Lunch','2017-07-05 11:30:54',NULL,NULL,NULL,NULL),(870,1,28,1,-1000,'expenses','cash','Hi Octane','2017-07-05 10:30:15',NULL,NULL,NULL,NULL),(871,1,2,1,-500,'expenses','cash','Given to Shumaila','2017-07-05 10:15:53',NULL,NULL,NULL,NULL),(872,1,52,1,90000,'income','cash','','2017-07-05 00:34:20',NULL,NULL,NULL,NULL),(873,1,18,1,-24577,'expenses','transfer','Electricity Bill','2017-07-04 20:30:43',NULL,NULL,NULL,NULL),(874,1,2,1,-113,'expenses','cash','Lunch','2017-07-04 13:30:23',NULL,NULL,NULL,NULL),(875,1,22,1,-535,'expenses','cash','Diapers (229), Pads (306)','2017-07-03 20:45:40',NULL,NULL,NULL,NULL),(876,1,46,1,-1000,'expenses','cash','Shumaila\'s Glasses','2017-07-03 20:15:54',NULL,NULL,NULL,NULL),(877,1,2,1,-100,'expenses','cash','Lunch','2017-07-03 11:30:39',NULL,NULL,NULL,NULL),(878,1,28,1,-500,'expenses','cash','','2017-07-02 23:30:12',NULL,NULL,NULL,NULL),(879,1,2,1,-800,'expenses','debit card','Cake for Tooba\'s Birthday','2017-07-02 23:00:33',NULL,NULL,NULL,NULL),(880,1,31,1,-2000,'expenses','cash','Oil Filter, Air Filter, Oil','2017-07-02 20:30:40',NULL,NULL,NULL,NULL),(881,1,15,1,-555,'expenses','debit card','Ammi\'s Medicine','2017-07-01 23:30:44',NULL,NULL,NULL,NULL),(882,1,16,1,-0.01,'expenses','debit card','Shopping from Metro','2017-07-01 23:00:45',NULL,NULL,NULL,NULL),(883,1,2,1,-150,'expenses','cash','Cigs','2017-07-01 02:15:41',NULL,NULL,NULL,NULL),(884,1,2,1,-110,'expenses','cash','Cone Ice cream','2017-06-30 23:30:48',NULL,NULL,NULL,NULL),(885,1,21,1,-40,'expenses','cash','','2017-06-30 10:45:38',NULL,NULL,NULL,NULL),(886,1,28,1,-500,'expenses','cash','','2017-06-30 10:45:19',NULL,NULL,NULL,NULL),(887,1,2,1,-100,'expenses','cash','Office Cake','2017-06-29 15:00:55',NULL,NULL,NULL,NULL),(888,1,2,1,-128,'expenses','cash','Milk','2017-06-29 00:45:06',NULL,NULL,NULL,NULL),(889,1,2,1,-1000,'expenses','debit card','Dinner at Meikong','2017-06-28 22:00:05',NULL,NULL,NULL,NULL),(890,1,6,1,-2500,'expenses','cash','Eidi to Tooba','2017-06-28 20:00:33',NULL,NULL,NULL,NULL),(891,1,2,1,-263,'expenses','cash','Samosay, Gourmet Lemon','2017-06-28 17:45:54',NULL,NULL,NULL,NULL),(892,1,6,1,-1000,'expenses','cash','Eidi to Azmaira, Mahnoor','2017-06-28 16:00:43',NULL,NULL,NULL,NULL),(893,1,22,1,-355,'expenses','cash','Diapers','2017-06-28 00:45:43',NULL,NULL,NULL,NULL),(894,1,2,1,-255,'expenses','cash','Milk','2017-06-28 00:45:00',NULL,NULL,NULL,NULL),(895,1,2,1,-120,'expenses','cash','Rotiyan','2017-06-27 21:00:16',NULL,NULL,NULL,NULL),(896,1,6,1,-1000,'expenses','cash','Eidi to Shumaila','2017-06-27 17:45:40',NULL,NULL,NULL,NULL),(897,1,6,1,-150,'expenses','cash','Eidi to Koray wala','2017-06-27 16:00:53',NULL,NULL,NULL,NULL),(898,1,22,1,-80,'expenses','cash','Diapers','2017-06-27 02:00:17',NULL,NULL,NULL,NULL),(899,1,2,1,-240,'expenses','cash','Milk','2017-06-26 23:00:20',NULL,NULL,NULL,NULL),(900,1,6,1,-1500,'expenses','cash','Eidi to Zainab, Hajra','2017-06-26 19:30:10',NULL,NULL,NULL,NULL),(901,1,28,1,-1000,'expenses','cash','','2017-06-26 18:00:42',NULL,NULL,NULL,NULL),(902,1,6,1,-1000,'expenses','cash','Eidi to Fatima','2017-06-26 11:30:44',NULL,NULL,NULL,NULL),(903,1,6,1,-1500,'expenses','cash','Eidi to Rabia','2017-06-26 08:00:09',NULL,NULL,NULL,NULL),(904,1,46,1,-4250,'expenses','cash','Panasonic Trimmer ER-GB40','2017-06-25 22:30:56',NULL,NULL,NULL,NULL),(905,1,21,1,-200,'expenses','cash','','2017-06-25 17:23:58',NULL,NULL,NULL,NULL),(906,1,2,1,-45,'expenses','cash','Ice Cream','2017-06-25 17:15:31',NULL,NULL,NULL,NULL),(907,1,2,1,-160,'expenses','cash','Samosay','2017-06-25 17:15:01',NULL,NULL,NULL,NULL),(908,1,2,1,-155,'expenses','cash','Jam-e-Sheeren','2017-06-25 17:00:10',NULL,NULL,NULL,NULL),(909,1,46,1,-200,'expenses','cash','Given to Shumaila','2017-06-24 21:00:24',NULL,NULL,NULL,NULL),(910,1,2,1,-100,'expenses','cash','Given to Shumaila','2017-06-23 12:00:44',NULL,NULL,NULL,NULL),(911,1,2,1,-40,'expenses','cash','Ice Cream','2017-06-20 21:00:48',NULL,NULL,NULL,NULL),(912,1,28,1,-500,'expenses','cash','in Daddy\'s car','2017-06-20 18:30:13',NULL,NULL,NULL,NULL),(913,1,2,1,-100,'expenses','cash','Rotiyan','2017-06-18 21:30:26',NULL,NULL,NULL,NULL),(914,1,2,1,-330,'expenses','cash','Coke 2.25L x3','2017-06-18 17:00:05',NULL,NULL,NULL,NULL),(915,1,2,1,-1000,'expenses','cash','Sabzi, Macaroni, Jam-e-Sheeren, Milk','2017-06-18 16:30:30',NULL,NULL,NULL,NULL),(916,1,2,1,-240,'expenses','cash','Samosay','2017-06-18 16:30:17',NULL,NULL,NULL,NULL),(917,1,2,1,-500,'expenses','cash','Qeema','2017-06-18 16:15:43',NULL,NULL,NULL,NULL),(918,1,2,1,-360,'expenses','cash','Mangoes (260), Banana (100)','2017-06-18 16:00:06',NULL,NULL,NULL,NULL),(919,1,21,1,-195,'expenses','cash','','2017-06-17 17:15:22',NULL,NULL,NULL,NULL),(920,1,2,1,-35,'expenses','cash','Sprite','2017-06-17 17:00:58',NULL,NULL,NULL,NULL),(921,1,22,1,-1380,'expenses','cash','Mustafa\'s Clothes','2017-06-17 16:15:23',NULL,NULL,NULL,NULL),(922,1,42,1,-30,'expenses','cash','Wapda Town Parking','2017-06-17 16:00:17',NULL,NULL,NULL,NULL),(923,1,42,1,-30,'expenses','cash','Jinnah Hospital Parking','2017-06-17 15:15:39',NULL,NULL,NULL,NULL),(924,1,2,1,-50,'expenses','cash','Cone Ice cream','2017-06-17 15:00:55',NULL,NULL,NULL,NULL),(925,1,11,1,-800,'expenses','cash','','2017-06-17 04:00:49',NULL,NULL,NULL,NULL),(926,1,2,1,-120,'expenses','cash','Samosay','2017-06-16 19:00:08',NULL,NULL,NULL,NULL),(927,1,21,1,-100,'expenses','cash','','2017-06-16 13:45:44',NULL,NULL,NULL,NULL),(928,1,2,1,-235,'expenses','debit card','Malt (60), Cornetto (55), Mik (120)','2017-06-15 23:30:00',NULL,NULL,NULL,NULL),(929,1,6,1,-15,'expenses','transfer','ATM Fees','2017-06-15 22:00:38',NULL,NULL,NULL,NULL),(930,1,15,1,-410,'expenses','debit card','CaC 1000 (237), Fefol Vit Capsules (183)','2017-06-13 23:45:37',NULL,NULL,NULL,NULL),(931,1,11,1,-1800,'expenses','cash','For PTCL Charji Internet','2017-06-13 22:00:52',NULL,NULL,NULL,NULL),(932,1,6,1,-116,'expenses','transfer','Internet Session Activation','2017-06-13 15:00:40',NULL,NULL,NULL,NULL),(933,1,57,1,-231,'expenses','credit card','Purchased Game from Google Play','2017-06-12 23:30:49',NULL,NULL,NULL,NULL),(934,1,22,1,-355,'expenses','debit card','Diapers','2017-06-12 22:30:20',NULL,NULL,NULL,NULL),(935,1,11,1,-200,'expenses','cash','Cards for internet','2017-06-12 22:15:45',NULL,NULL,NULL,NULL),(936,1,42,1,-30,'expenses','cash','Parking Fees near Ufone Franchise','2017-06-12 11:30:22',NULL,NULL,NULL,NULL),(937,1,2,1,-90,'expenses','cash','Milk, Matches','2017-06-11 22:15:23',NULL,NULL,'Me. Rs.10 #ToBeGiven to Day-2-Day shop Riverview',NULL),(938,1,2,1,-250,'expenses','debit card','Samosay, Milo','2017-06-11 18:00:59',NULL,NULL,NULL,NULL),(939,1,2,1,-2565,'expenses','debit card','Yogurt, Chicken, Coke, Rice, Vegetables, Chicken Kebab, Tender Pops, Garam masala. Total: 4565, 2000 given by Daddy','2017-06-11 15:30:02',NULL,NULL,NULL,NULL),(940,1,21,1,-40,'expenses','cash','','2017-06-11 00:00:37',NULL,NULL,NULL,NULL),(941,1,22,1,-1344,'expenses','cash','Mustafa\'s Clothes','2017-06-10 23:45:20',NULL,NULL,NULL,NULL),(942,1,22,1,-3418,'expenses','cash','My Clothes','2017-06-10 23:30:02',NULL,NULL,NULL,NULL),(943,1,2,1,-28,'expenses','cash','Lemon Malt','2017-06-10 23:00:39',NULL,NULL,NULL,NULL),(944,1,22,1,-150,'expenses','cash','Belt, Glasses','2017-06-10 23:00:02',NULL,NULL,NULL,NULL),(945,1,2,1,-184,'expenses','cash','Mayonnaise (125), Eggs','2017-06-10 17:30:38',NULL,NULL,NULL,NULL),(946,1,6,1,-90,'expenses','transfer','Bank Charges For Intet-Bank Fund transfer','2017-06-10 17:15:02',NULL,NULL,NULL,NULL),(947,1,58,1,-1000,'expenses','cash','Sewerage fix','2017-06-10 15:00:23',NULL,NULL,NULL,NULL),(948,1,16,1,-35000,'expenses','cash','Given to Daddy','2017-06-09 20:00:34',NULL,NULL,NULL,NULL),(949,1,2,1,-170,'expenses','cash','Samosay','2017-06-09 19:15:17',NULL,NULL,NULL,NULL),(950,1,21,1,-600,'expenses','cash','Zakat (Maybe)','2017-06-09 13:45:12',NULL,NULL,NULL,NULL),(951,1,48,1,-8885,'expenses','debit card','Electricity Bill','2017-06-09 00:15:15',NULL,NULL,NULL,NULL),(952,1,28,1,-2000,'expenses','debit card','','2017-06-08 18:30:39',NULL,NULL,NULL,NULL),(953,1,2,1,-20,'expenses','cash','Cone Ice cream','2017-06-07 22:45:54',NULL,NULL,NULL,NULL),(954,1,13,1,-7000,'expenses','cash','Given to Shumaila (3000), Given to Ammi (4000)','2017-06-07 20:30:14',NULL,NULL,NULL,NULL),(955,1,2,1,-115,'expenses','debit card','Patties, Gourmet Lemon, Ketchup','2017-06-06 15:30:42',NULL,NULL,NULL,NULL),(956,1,10,1,-300,'expenses','cash','Telenor SIM','2017-06-06 12:30:27',NULL,NULL,NULL,NULL),(957,1,52,1,90000,'income','cash','','2017-06-06 00:34:20',NULL,NULL,NULL,NULL),(958,1,21,1,-10,'expenses','cash','','2017-06-05 22:47:33',NULL,NULL,NULL,NULL),(959,1,2,1,-153,'expenses','cash','Cigs','2017-06-05 19:30:01',NULL,NULL,NULL,NULL),(960,1,28,1,-500,'expenses','cash','in Daddy\'s car','2017-06-05 11:30:28',NULL,NULL,NULL,NULL),(961,1,22,1,-660,'expenses','debit card','Diapers (355), Pads (306)','2017-06-05 00:30:50',NULL,NULL,NULL,NULL),(962,1,2,1,-450,'expenses','cash','Mangoes, Banana','2017-06-04 18:40:57',NULL,NULL,NULL,NULL),(963,1,2,1,-160,'expenses','cash','Kharbooza','2017-06-04 18:40:24',NULL,NULL,NULL,NULL),(964,1,31,1,-300,'expenses','cash','Car wash','2017-06-03 17:00:30',NULL,NULL,NULL,NULL),(965,1,2,1,-50,'expenses','cash','Malt, Ice cream','2017-06-03 16:30:07',NULL,NULL,NULL,NULL),(966,1,28,1,-1000,'expenses','debit card','','2017-06-01 09:30:27',NULL,NULL,NULL,NULL),(967,1,2,1,-80,'expenses','cash','Coke','2017-05-31 20:15:39',NULL,NULL,NULL,NULL),(968,1,2,1,-240,'expenses','debit card','Patties','2017-05-31 19:00:03',NULL,NULL,NULL,NULL),(969,1,2,1,-120,'expenses','cash','Milkpak','2017-05-30 21:30:13',NULL,NULL,NULL,NULL),(970,1,16,1,-65,'expenses','cash','ABC Toothpaste','2017-05-30 21:15:37',NULL,NULL,NULL,NULL),(971,1,2,1,-30,'expenses','cash','Malt','2017-05-30 21:15:31',NULL,NULL,NULL,NULL),(972,1,10,1,-100,'expenses','transfer','Mobilink Card','2017-05-30 13:15:32',NULL,NULL,NULL,NULL),(973,1,15,1,-130,'expenses','cash','Bascopan, Regix','2017-05-29 23:30:45',NULL,NULL,NULL,NULL),(974,1,2,1,-80,'expenses','cash','Cone Ice cream','2017-05-29 23:15:11',NULL,NULL,NULL,NULL),(975,1,2,1,-90,'expenses','cash','Yogurt','2017-05-29 18:00:53',NULL,NULL,NULL,NULL),(976,1,2,1,-408,'expenses','cash','Chick Peas (220), Gala Biscuits (100), Bravo Biscuits (88)','2017-05-29 18:00:46',NULL,NULL,NULL,NULL),(977,1,2,1,-70,'expenses','cash','Coke, Juice','2017-05-28 21:00:38',NULL,NULL,NULL,NULL),(978,1,2,1,-190,'expenses','cash','Bananas (100), Sabzi (240), Mango (150). Rs.300 given by Daddy','2017-05-28 17:15:30',NULL,NULL,NULL,NULL),(979,1,2,1,-255,'expenses','cash','Lays (100), Malt (30), Milk (125)','2017-05-28 01:00:18',NULL,NULL,NULL,NULL),(980,1,28,1,-50,'expenses','cash','Motorcycle','2017-05-28 00:30:04',31.4421055,74.24272814,NULL,NULL),(981,1,2,1,-612,'expenses','cash','Samosay (200), Water (17), Nuggets, Tender pops (395)','2017-05-27 20:15:04',NULL,NULL,NULL,NULL),(982,1,28,1,-1000,'expenses','debit card','','2017-05-27 19:30:29',NULL,NULL,NULL,NULL),(983,1,21,1,-40,'expenses','cash','','2017-05-27 18:00:59',NULL,NULL,NULL,NULL),(984,1,2,1,-250,'expenses','cash','Chicken Burger, Fresh Juice','2017-05-26 23:30:15',NULL,NULL,NULL,NULL),(985,1,2,1,-20,'expenses','cash','Coke','2017-05-26 14:00:38',NULL,NULL,NULL,NULL),(986,1,2,1,-280,'expenses','cash','Burger','2017-05-26 14:00:34',NULL,NULL,NULL,NULL),(987,1,2,1,-225,'expenses','cash','Cone Ice cream (x6)','2017-05-25 23:00:13',NULL,NULL,NULL,NULL),(988,1,2,1,-150,'expenses','debit card','Cigs','2017-05-25 15:00:51',NULL,NULL,NULL,NULL),(989,1,2,1,-80,'expenses','cash','Lunch','2017-05-25 15:00:08',NULL,NULL,NULL,NULL),(990,1,2,1,-707,'expenses','debit card','Bread, Chicken Chunks, Noodles, Vaseline, Knorr Crispy Fried Chicken Powder','2017-05-24 23:00:57',NULL,NULL,NULL,NULL),(991,1,22,1,-755,'expenses','debit card','Diapers','2017-05-24 23:00:17',NULL,NULL,NULL,NULL),(992,1,2,1,-60,'expenses','debit card','Lunch','2017-05-24 11:30:56',NULL,NULL,NULL,NULL),(993,1,28,1,-1000,'expenses','debit card','','2017-05-24 10:30:06',NULL,NULL,NULL,NULL),(994,1,2,1,-50,'expenses','cash','Milk','2017-05-23 23:45:37',NULL,NULL,NULL,NULL),(995,1,15,1,-440,'expenses','debit card','Movelat Gel (310), Mospel (130)','2017-05-23 23:30:21',NULL,NULL,NULL,NULL),(996,1,2,1,-45,'expenses','cash','Chocolate','2017-05-23 23:15:10',NULL,NULL,NULL,NULL),(997,1,2,1,-70,'expenses','cash','Lunch','2017-05-23 11:30:25',NULL,NULL,NULL,NULL),(998,1,2,1,-80,'expenses','cash','Piyaaz','2017-05-22 20:00:03',NULL,NULL,NULL,NULL),(999,1,2,1,-120,'expenses','cash','Juice, Aaloo','2017-05-22 19:00:38',NULL,NULL,NULL,NULL),(1000,1,2,1,-240,'expenses','cash','Bread, Eggs, Milo, Juice','2017-05-21 11:00:35',NULL,NULL,NULL,NULL),(1001,1,2,1,-50,'expenses','cash','Water','2017-05-20 21:15:01',NULL,NULL,NULL,NULL),(1002,1,2,1,-200,'expenses','cash','Cone Ice cream','2017-05-20 19:45:48',NULL,NULL,NULL,NULL),(1003,1,34,1,-250,'expenses','cash','Ticket for Kids Car ride and Joyland','2017-05-20 18:30:26',NULL,NULL,NULL,NULL),(1004,1,15,1,-28,'expenses','cash','Micronema 10ml','2017-05-20 01:30:11',NULL,NULL,NULL,NULL),(1005,1,2,1,-70,'expenses','cash','Milk','2017-05-19 23:30:56',NULL,NULL,NULL,NULL),(1006,1,22,1,-755,'expenses','cash','Diapers','2017-05-19 23:30:33',NULL,NULL,NULL,NULL),(1007,1,16,1,-180,'expenses','cash','Almond Oil','2017-05-19 23:30:04',NULL,NULL,NULL,NULL),(1008,1,21,1,-50,'expenses','cash','','2017-05-19 21:00:11',NULL,NULL,NULL,NULL),(1009,1,15,1,-440,'expenses','cash','','2017-05-19 12:50:48',NULL,NULL,NULL,NULL),(1010,1,28,1,-1000,'expenses','cash','','2017-05-19 12:45:55',NULL,NULL,NULL,NULL),(1011,1,20,1,-500,'expenses','cash','Mustafa\'s checkup','2017-05-19 12:00:30',NULL,NULL,NULL,NULL),(1012,1,2,1,-240,'expenses','cash','Pizza, Pastry','2017-05-19 12:00:26',NULL,NULL,NULL,NULL),(1013,1,2,1,-100,'expenses','cash','Office Cake','2017-05-18 17:00:42',NULL,NULL,NULL,NULL),(1014,1,2,1,-170,'expenses','cash','OPTP Chips','2017-05-18 17:00:04',NULL,NULL,NULL,NULL),(1015,1,2,1,-708,'expenses','cash','Grilled Sandwich (279), Patty (279), Fries (50*2), Coke Can (50)','2017-05-17 21:30:30',NULL,NULL,NULL,NULL),(1016,1,6,1,-15,'expenses','cash','ATM Fees','2017-05-17 21:00:53',NULL,NULL,NULL,NULL),(1017,1,2,1,-35,'expenses','cash','Milo','2017-05-17 00:16:35',NULL,NULL,NULL,NULL),(1018,1,2,1,-50,'expenses','cash','Lunch','2017-05-16 11:30:39',NULL,NULL,NULL,NULL),(1019,1,28,1,-1000,'expenses','debit card','','2017-05-16 10:30:16',NULL,NULL,NULL,NULL),(1020,1,2,1,-70,'expenses','cash','Milk','2017-05-15 23:45:16',NULL,NULL,NULL,NULL),(1021,1,2,1,-35,'expenses','cash','Pizza','2017-05-15 21:15:00',NULL,NULL,NULL,NULL),(1022,1,2,1,-150,'expenses','cash','Cigs','2017-05-15 13:30:12',NULL,NULL,NULL,NULL),(1023,1,2,1,-120,'expenses','cash','Lunch','2017-05-15 11:30:45',NULL,NULL,NULL,NULL),(1024,1,2,1,-2000,'expenses','cash','Chicken','2017-05-15 10:00:49',NULL,NULL,NULL,NULL),(1025,1,2,1,-35,'expenses','cash','Sprite','2017-05-14 22:30:44',NULL,NULL,NULL,NULL),(1026,1,2,1,-50,'expenses','cash','French Fries','2017-05-14 22:30:41',NULL,NULL,NULL,NULL),(1027,1,2,1,-35,'expenses','cash','Sprite','2017-05-14 22:00:41',NULL,NULL,NULL,NULL),(1028,1,21,1,-130,'expenses','cash','','2017-05-14 22:00:26',NULL,NULL,NULL,NULL),(1029,1,16,1,-4050,'expenses','cash','Seekh Kebab, Kofta, Kheer Mix, etc. (For Qur\'an Khwani. Total bill was Rs.7050)','2017-05-13 23:00:17',NULL,NULL,NULL,NULL),(1030,1,2,1,-45,'expenses','cash','Ice Cream','2017-05-13 21:00:06',NULL,NULL,NULL,NULL),(1031,1,10,1,-100,'expenses','transfer','Mobile card for Ali','2017-05-12 23:45:53',NULL,NULL,NULL,NULL),(1032,1,2,1,-85,'expenses','cash','Lays, Milo, Bunties','2017-05-12 22:30:37',NULL,NULL,NULL,NULL),(1033,1,15,1,-54,'expenses','debit card','ORS (54)','2017-05-12 21:45:51',NULL,NULL,NULL,NULL),(1034,1,15,1,-490,'expenses','debit card','CaC 1000 (237), Fefol Vit Capsules (183), Rigix Tab (70)','2017-05-12 21:45:40',NULL,NULL,NULL,NULL),(1035,1,22,1,-306,'expenses','debit card','Pads','2017-05-12 21:45:14',NULL,NULL,NULL,NULL),(1036,1,46,1,-107,'expenses','debit card','King Mat x30','2017-05-12 21:45:12',NULL,NULL,NULL,NULL),(1037,1,10,1,-500,'expenses','transfer','','2017-05-12 19:00:03',NULL,NULL,NULL,NULL),(1038,1,6,1,-90,'expenses','transfer','Bank Charges For Intet-Bank Fund transfer','2017-05-12 18:00:52',NULL,NULL,NULL,NULL),(1039,1,2,1,-128,'expenses','cash','Lunch, Coke','2017-05-12 11:30:42',NULL,NULL,NULL,NULL),(1040,1,2,1,-200,'expenses','cash','Lunch','2017-05-11 11:30:14',NULL,NULL,NULL,NULL),(1041,1,11,1,-1500,'expenses','transfer','','2017-05-11 01:00:36',NULL,NULL,NULL,NULL),(1042,1,2,1,-70,'expenses','cash','Lunch','2017-05-10 12:00:48',NULL,NULL,NULL,NULL),(1043,1,16,1,-1570,'expenses','cash','Bread, Milo, Diapers','2017-05-09 23:00:23',NULL,NULL,NULL,NULL),(1044,1,2,1,-195,'expenses','cash','Yogurt, Milk','2017-05-08 21:45:51',NULL,NULL,NULL,NULL),(1045,1,2,1,-70,'expenses','cash','Lunch','2017-05-08 11:30:12',NULL,NULL,NULL,NULL),(1046,1,28,1,-1000,'expenses','cash','','2017-05-08 10:30:45',NULL,NULL,NULL,NULL),(1047,1,13,1,-5000,'expenses','cash','Given to Shumaila','2017-05-07 21:30:04',NULL,NULL,NULL,NULL),(1048,1,6,1,-15,'expenses','cash','ATM Fees','2017-05-07 21:15:26',NULL,NULL,NULL,NULL),(1049,1,21,1,-90,'expenses','cash','','2017-05-07 20:15:44',NULL,NULL,NULL,NULL),(1050,1,28,1,-300,'expenses','cash','','2017-05-07 20:00:16',NULL,NULL,NULL,NULL),(1051,1,2,1,-750,'expenses','cash','3x Zinger Burgers','2017-05-07 00:15:40',NULL,NULL,NULL,NULL),(1052,1,2,1,-200,'expenses','cash','Samosay','2017-05-06 18:45:31',NULL,NULL,NULL,NULL),(1053,1,2,1,-170,'expenses','cash','Pizza','2017-05-06 18:45:10',NULL,NULL,NULL,NULL),(1054,1,2,1,-890,'expenses','cash','Sweets','2017-05-06 16:00:41',NULL,NULL,NULL,NULL),(1055,1,2,1,-30,'expenses','cash','Eggs','2017-05-06 11:00:40',NULL,NULL,NULL,NULL),(1056,1,2,1,-80,'expenses','cash','Pastry','2017-05-05 22:30:50',NULL,NULL,NULL,NULL),(1057,1,2,1,-150,'expenses','cash','Lunch','2017-05-05 11:30:37',NULL,NULL,NULL,NULL),(1058,1,52,1,90000,'income','cash','','2017-05-05 00:34:20',NULL,NULL,NULL,NULL),(1059,1,2,1,-30,'expenses','transfer','Malt','2017-05-04 23:30:26',NULL,NULL,NULL,NULL),(1060,1,13,1,-5000,'expenses','cash','Given to Ammi','2017-05-04 22:30:57',NULL,NULL,NULL,NULL),(1061,1,16,1,-37000,'expenses','cash','Given to Daddy','2017-05-04 22:30:16',NULL,NULL,NULL,NULL),(1062,1,28,1,-1000,'expenses','cash','','2017-05-04 20:45:12',NULL,NULL,NULL,NULL),(1063,1,21,1,-70,'expenses','cash','','2017-05-04 20:45:12',NULL,NULL,NULL,NULL),(1064,1,48,1,-4674,'expenses','cash','Electricity Bill','2017-05-04 20:00:50',NULL,NULL,NULL,NULL),(1065,1,2,1,-65,'expenses','cash','Lunch','2017-05-04 12:00:28',NULL,NULL,NULL,NULL),(1066,1,2,1,-85,'expenses','cash','Pizza','2017-05-03 23:45:16',NULL,NULL,NULL,NULL),(1067,1,2,1,-155,'expenses','cash','OPTP Chips, Juice, Coke','2017-05-03 23:15:33',NULL,NULL,NULL,NULL),(1068,1,2,1,-65,'expenses','cash','Lunch','2017-05-03 11:30:57',NULL,NULL,NULL,NULL),(1069,1,2,1,-70,'expenses','cash','Lunch','2017-05-02 11:30:06',NULL,NULL,NULL,NULL),(1070,1,15,1,-149,'expenses','cash','Kestine Tab x10','2017-05-01 22:15:17',NULL,NULL,NULL,NULL),(1071,1,2,1,-320,'expenses','cash','Bread, Cooking Oil, Baysun','2017-05-01 20:00:06',NULL,NULL,NULL,NULL),(1072,1,2,1,-380,'expenses','cash','Lipton Tea','2017-05-01 17:00:28',NULL,NULL,NULL,NULL),(1073,1,2,1,-60,'expenses','cash','Water','2017-05-01 15:45:41',NULL,NULL,NULL,NULL),(1074,1,6,1,-150,'expenses','cash','Station Babaji','2017-05-01 15:30:35',NULL,NULL,NULL,NULL),(1075,1,2,1,-170,'expenses','cash','Yogurt, Candy','2017-04-30 22:45:52',NULL,NULL,NULL,NULL),(1076,1,16,1,-3451,'expenses','debit card','Qeema, Bread, Lays, Fruit Cake, Baysun, Spices, Vegetables','2017-04-30 17:15:00',NULL,NULL,NULL,NULL),(1077,1,2,1,-185,'expenses','cash','Coke, Cigs','2017-04-29 22:15:13',NULL,NULL,NULL,NULL),(1078,1,42,1,-30,'expenses','cash','At Fri Chicks','2017-04-29 21:30:04',NULL,NULL,NULL,NULL),(1079,1,2,1,-750,'expenses','cash','Dinner at Fri Chicks','2017-04-29 21:30:04',NULL,NULL,NULL,NULL),(1080,1,6,1,-30,'expenses','cash','ATM Fees','2017-04-29 21:15:15',NULL,NULL,NULL,NULL),(1081,1,48,1,-400,'expenses','cash','Rechargeable Cells','2017-04-29 20:45:59',NULL,NULL,NULL,NULL),(1082,1,50,1,-170,'expenses','cash','Airport Tickets, Lays','2017-04-29 17:30:56',NULL,NULL,NULL,NULL),(1083,1,2,1,-155,'expenses','cash','Jam-e-Sheeren','2017-04-28 23:30:03',NULL,NULL,NULL,NULL),(1084,1,2,1,-150,'expenses','cash','Lunch','2017-04-28 12:00:52',NULL,NULL,NULL,NULL),(1085,1,34,1,-40,'expenses','cash','Cake Candles','2017-04-27 23:53:44',NULL,NULL,NULL,NULL),(1086,1,2,1,-90,'expenses','cash','Juice, Cone','2017-04-27 23:53:17',NULL,NULL,NULL,NULL),(1087,1,2,1,-70,'expenses','cash','Milk','2017-04-27 23:52:53',NULL,NULL,NULL,NULL),(1088,1,46,1,-385,'expenses','cash','Coil, Matt Heater','2017-04-27 23:30:59',NULL,NULL,NULL,NULL),(1089,1,2,1,-200,'expenses','debit card','High Tea','2017-04-27 19:00:20',NULL,NULL,NULL,NULL),(1090,1,28,1,-1000,'expenses','cash','Hi Octane','2017-04-27 11:00:47',NULL,NULL,NULL,NULL),(1091,1,2,1,-170,'expenses','debit card','Lemon Malt (30x2), Chocolates (30x3), Bunties (20)','2017-04-25 23:15:16',NULL,NULL,NULL,NULL),(1092,1,15,1,-47,'expenses','cash','Rigix Tab','2017-04-25 21:15:35',NULL,NULL,NULL,NULL),(1093,1,15,1,-288,'expenses','cash','Avil Tab (10*0.63), Folic Acid (100*0.45), CaC 1000 (237)','2017-04-24 23:15:43',NULL,NULL,NULL,NULL),(1094,1,2,1,-70,'expenses','cash','Milk','2017-04-24 23:15:18',NULL,NULL,NULL,NULL),(1095,1,2,1,-130,'expenses','cash','Lunch','2017-04-24 11:30:52',NULL,NULL,NULL,NULL),(1096,1,2,1,-400,'expenses','cash','Kinder Joy, Beef Kabab, Snacks, Sprite, Bread, Cells','2017-04-23 23:30:06',NULL,NULL,NULL,NULL),(1097,1,2,1,-70,'expenses','cash','Milk','2017-04-23 23:00:42',NULL,NULL,NULL,NULL),(1098,1,28,1,-1000,'expenses','debit card','Hi Octane','2017-04-22 12:15:57',NULL,NULL,NULL,NULL),(1099,1,21,1,-220,'expenses','cash','','2017-04-21 22:49:07',NULL,NULL,NULL,NULL),(1100,1,2,1,-40,'expenses','cash','Pastry','2017-04-21 22:30:51',NULL,NULL,NULL,NULL),(1101,1,2,1,-75,'expenses','cash','Chicken Patty','2017-04-21 22:30:20',NULL,NULL,NULL,NULL),(1102,1,2,1,-150,'expenses','cash','Cigs','2017-04-21 13:00:04',NULL,NULL,NULL,NULL),(1103,1,16,1,-107,'expenses','cash','King Mat x30','2017-04-19 23:45:54',NULL,NULL,NULL,NULL),(1104,1,36,1,-1399,'expenses','debit card','Bolt Keys','2017-04-19 17:00:50',NULL,NULL,NULL,NULL),(1105,1,28,1,-1000,'expenses','debit card','','2017-04-19 10:15:49',NULL,NULL,NULL,NULL),(1106,1,2,1,-20,'expenses','cash','Juice','2017-04-18 20:30:50',NULL,NULL,NULL,NULL),(1107,1,2,1,-100,'expenses','cash','Lunch','2017-04-18 11:30:32',NULL,NULL,NULL,NULL),(1108,1,21,1,-160,'expenses','cash','','2017-04-17 23:37:20',NULL,NULL,NULL,NULL),(1109,1,2,1,-177,'expenses','cash','Bread, Eggs, Pastry','2017-04-17 22:15:50',NULL,NULL,NULL,NULL),(1110,1,2,1,-25,'expenses','cash','Lays','2017-04-17 22:15:22',NULL,NULL,NULL,NULL),(1111,1,2,1,-100,'expenses','cash','Office Cake','2017-04-17 15:00:42',NULL,NULL,NULL,NULL),(1112,1,2,1,-100,'expenses','cash','Given to Shumaila','2017-04-17 11:00:26',NULL,NULL,NULL,NULL),(1113,1,2,1,-170,'expenses','cash','Lays, Cheetos','2017-04-16 23:30:06',NULL,NULL,NULL,NULL),(1114,1,22,1,-350,'expenses','cash','Pads','2017-04-16 23:00:46',NULL,NULL,NULL,NULL),(1115,1,15,1,-307,'expenses','cash','Constipation med, Almond Oil','2017-04-16 23:00:23',NULL,NULL,NULL,NULL),(1116,1,22,1,-977,'expenses','cash','Diapers','2017-04-16 01:30:10',NULL,NULL,NULL,NULL),(1117,1,28,1,-1000,'expenses','cash','','2017-04-16 01:00:53',NULL,NULL,NULL,NULL),(1118,1,42,1,-50,'expenses','cash','Fine at Fortress','2017-04-15 23:30:12',NULL,NULL,NULL,NULL),(1119,1,2,1,-1653,'expenses','cash','Fri Chicks Karizma Burger x7','2017-04-15 23:30:02',NULL,NULL,NULL,NULL),(1120,1,2,1,-80,'expenses','cash','Lays','2017-04-15 23:00:54',NULL,NULL,NULL,NULL),(1121,1,15,1,-44,'expenses','cash','ECP Greenstar Tab, Glycerine Suppository','2017-04-15 22:00:22',NULL,NULL,NULL,NULL),(1122,1,50,1,-400,'expenses','cash','Joyland Tickets','2017-04-15 22:00:14',NULL,NULL,NULL,NULL),(1123,1,42,1,-30,'expenses','cash','Fortress Entry','2017-04-15 21:30:22',NULL,NULL,NULL,NULL),(1124,1,2,1,-273,'expenses','cash','Lays, Nimko','2017-04-15 16:30:25',NULL,NULL,NULL,NULL),(1125,1,2,1,-500,'expenses','cash','Ice Cream, Coil','2017-04-14 22:30:12',NULL,NULL,NULL,NULL),(1126,1,2,1,-240,'expenses','cash','Milkpak','2017-04-14 20:00:01',NULL,NULL,NULL,NULL),(1127,1,2,1,-40,'expenses','cash','Juice, Biscuits','2017-04-14 17:30:34',NULL,NULL,NULL,NULL),(1128,1,21,1,-200,'expenses','cash','','2017-04-14 13:46:45',NULL,NULL,NULL,NULL),(1129,1,28,1,-500,'expenses','cash','','2017-04-14 11:01:53',NULL,NULL,NULL,NULL),(1130,1,2,1,-100,'expenses','cash','Coke','2017-04-13 23:00:40',NULL,NULL,NULL,NULL),(1131,1,20,1,-400,'expenses','cash','Shumaila\'s Consultation','2017-04-13 22:30:50',NULL,NULL,NULL,NULL),(1132,1,2,1,-100,'expenses','cash','Pastry','2017-04-13 22:05:49',NULL,NULL,NULL,NULL),(1133,1,6,1,-15,'expenses','transfer','ATM Fees','2017-04-13 22:02:55',NULL,NULL,NULL,NULL),(1134,1,2,1,-60,'expenses','cash','Sugarcane','2017-04-13 22:02:30',NULL,NULL,NULL,NULL),(1135,1,2,1,-240,'expenses','debit card','Milkpak','2017-04-13 20:16:21',NULL,NULL,NULL,NULL),(1136,1,2,1,-1000,'expenses','cash','Given to Shumaila','2017-04-13 10:00:49',NULL,NULL,NULL,NULL),(1137,1,47,1,-2782.5,'expenses','credit card','Crane','2017-04-12 23:45:04',NULL,NULL,NULL,NULL),(1138,1,11,1,-1500,'expenses','cash','','2017-04-12 14:05:11',NULL,NULL,NULL,NULL),(1139,1,6,1,-116,'expenses','cash','Internet Session Activation','2017-04-12 14:00:43',NULL,NULL,NULL,NULL),(1140,1,2,1,-50,'expenses','cash','Lunch','2017-04-12 11:30:21',NULL,NULL,NULL,NULL),(1141,1,2,1,-35,'expenses','cash','Milo','2017-04-11 23:45:28',NULL,NULL,NULL,NULL),(1142,1,13,1,-4500,'expenses','cash','Given to Shumaila','2017-04-11 23:30:52',NULL,NULL,NULL,NULL),(1143,1,6,1,-15,'expenses','cash','ATM Fees','2017-04-11 23:00:23',NULL,NULL,NULL,NULL),(1144,1,26,1,-250,'expenses','cash','Mospel(125), Tooth Brush (75), Comb (50)','2017-04-10 23:04:30',NULL,NULL,NULL,NULL),(1145,1,2,1,-335,'expenses','cash','Nuggets (215), Chicken Paratha (120)','2017-04-10 23:03:31',NULL,NULL,NULL,NULL),(1146,1,21,1,-100,'expenses','cash','','2017-04-10 19:48:33',NULL,NULL,NULL,NULL),(1147,1,2,1,-542,'expenses','debit card','Nido 3+, Milk','2017-04-10 16:00:36',NULL,NULL,NULL,NULL),(1148,1,48,1,-2198,'expenses','transfer','Electricity Bill','2017-04-10 13:00:50',NULL,NULL,NULL,NULL),(1149,1,21,1,-15,'expenses','cash','','2017-04-10 11:38:22',NULL,NULL,NULL,NULL),(1150,1,28,1,-1000,'expenses','debit card','','2017-04-10 10:15:39',NULL,NULL,NULL,NULL),(1151,1,2,1,-100,'expenses','cash','Given to Shumaila','2017-04-10 09:30:14',NULL,NULL,NULL,NULL),(1152,1,2,1,-40,'expenses','cash','Coke','2017-04-09 23:30:52',NULL,NULL,NULL,NULL),(1153,1,2,1,-30,'expenses','cash','Juice','2017-04-09 23:00:28',NULL,NULL,NULL,NULL),(1154,1,16,1,-2120,'expenses','debit card','Fish, Powder, LEDs, Cushion, Toothpaste, Toothbrush, Dettol Handwash, Boys Brief','2017-04-09 22:30:42',NULL,NULL,NULL,NULL),(1155,1,2,1,-130,'expenses','cash','Chicken Piece','2017-04-09 11:30:48',NULL,NULL,NULL,NULL),(1156,1,2,1,-85,'expenses','cash','Milo, Samosa Bread','2017-04-08 21:00:02',NULL,NULL,NULL,NULL),(1157,1,2,1,-180,'expenses','cash','Lays, Cigs','2017-04-08 20:45:24',NULL,NULL,NULL,NULL),(1158,1,8,1,-5000,'expenses','cash','Balance Savings','2017-04-08 15:00:07',NULL,NULL,NULL,NULL),(1159,1,2,1,-180,'expenses','cash','Sabzi, Milo','2017-04-08 14:45:02',NULL,NULL,NULL,NULL),(1160,1,13,1,-5000,'expenses','cash','Given to Ammi','2017-04-08 14:30:35',NULL,NULL,NULL,NULL),(1161,1,16,1,-35000,'expenses','cash','','2017-04-08 14:30:34',NULL,NULL,NULL,NULL),(1162,1,2,1,-275,'expenses','cash','Lays, Cheetos, Bread','2017-04-07 23:00:12',NULL,NULL,NULL,NULL),(1163,1,22,1,-750,'expenses','debit card','Diapers','2017-04-07 22:00:56',NULL,NULL,NULL,NULL),(1164,1,15,1,-74,'expenses','debit card','Hydryllin','2017-04-07 22:00:18',NULL,NULL,NULL,NULL),(1165,1,2,1,-100,'expenses','cash','Lunch','2017-04-07 11:30:41',NULL,NULL,NULL,NULL),(1166,1,2,1,-260,'expenses','cash','French Fries, Chicken Piece','2017-04-06 22:30:18',NULL,NULL,NULL,NULL),(1167,1,2,1,-578,'expenses','cash','Given to Ali','2017-04-06 22:00:55',NULL,NULL,NULL,NULL),(1168,1,16,1,-422,'expenses','cash','Nido 3+','2017-04-06 22:00:10',NULL,NULL,NULL,NULL),(1169,1,2,1,-139,'expenses','cash','Break, Eggs, Milo','2017-04-06 21:30:29',NULL,NULL,NULL,NULL),(1170,1,28,1,-1000,'expenses','debit card','','2017-04-06 10:30:02',NULL,NULL,NULL,NULL),(1171,1,52,1,90000,'income','cash','','2017-04-05 23:00:20',NULL,NULL,NULL,NULL),(1172,1,21,1,-500,'expenses','cash','','2017-04-05 20:15:13',NULL,NULL,NULL,NULL),(1173,1,2,1,-100,'expenses','cash','Lunch','2017-04-05 11:30:23',NULL,NULL,NULL,NULL),(1174,1,15,1,-130,'expenses','cash','Augmentin 625mg','2017-04-04 23:00:33',NULL,NULL,NULL,NULL),(1175,1,2,1,-150,'expenses','cash','Lunch','2017-04-04 11:30:39',NULL,NULL,NULL,NULL),(1176,1,28,1,-500,'expenses','cash','','2017-04-04 10:30:10',NULL,NULL,NULL,NULL),(1177,1,2,1,-150,'expenses','cash','Given to Shumaila','2017-04-04 10:00:15',NULL,NULL,NULL,NULL),(1178,1,6,1,-15,'expenses','transfer','ATM Fees','2017-04-03 22:30:52',NULL,NULL,NULL,NULL),(1179,1,28,1,-500,'expenses','debit card','','2017-04-02 18:00:04',NULL,NULL,NULL,NULL),(1180,1,15,1,-700,'expenses','cash','Dulcamoro 30, Kalimuyr 30, Res Tochx 200','2017-04-02 17:15:15',NULL,NULL,NULL,NULL),(1181,1,2,1,-200,'expenses','cash','N/A','2017-04-02 15:15:06',NULL,NULL,NULL,NULL),(1182,1,34,1,-2000,'expenses','cash','To Ali\'s friend on Marriage','2017-04-01 20:30:36',NULL,NULL,NULL,NULL),(1183,1,6,1,-15,'expenses','transfer','ATM Fees','2017-04-01 20:30:36',NULL,NULL,NULL,NULL),(1184,1,16,1,-430,'expenses','cash','Nido 3+','2017-04-01 20:30:11',NULL,NULL,NULL,NULL),(1185,1,2,1,-315,'expenses','cash','Jam-e-Sheeren','2017-04-01 20:30:04',NULL,NULL,NULL,NULL),(1186,1,2,1,-60,'expenses','cash','Milk','2017-03-31 23:45:47',NULL,NULL,NULL,NULL),(1187,1,16,1,-120,'expenses','cash','Sugar (2 kg)','2017-03-31 23:45:22',NULL,NULL,NULL,NULL),(1188,1,26,1,-20,'expenses','cash','Cone Mehndi','2017-03-31 23:45:17',NULL,NULL,NULL,NULL),(1189,1,2,1,-30,'expenses','cash','Lunch','2017-03-31 11:30:04',NULL,NULL,NULL,NULL),(1190,1,31,1,-2500,'expenses','cash','Oil Filter, Oil For Daddy\'s Car','2017-03-31 10:15:08',NULL,NULL,NULL,NULL),(1191,1,2,1,-60,'expenses','cash','Milk','2017-03-30 23:42:45',NULL,NULL,NULL,NULL),(1192,1,15,1,-145,'expenses','cash','Hydryllin, Thermometer','2017-03-30 22:15:09',NULL,NULL,NULL,NULL),(1193,1,2,1,-160,'expenses','cash','Cigs','2017-03-30 13:30:37',NULL,NULL,NULL,NULL),(1194,1,2,1,-200,'expenses','cash','Bread, Milk','2017-03-28 23:15:49',NULL,NULL,NULL,NULL),(1195,1,28,1,-1000,'expenses','debit card','','2017-03-28 10:15:58',NULL,NULL,NULL,NULL),(1196,1,2,1,-30,'expenses','cash','Cigs','2017-03-27 13:30:42',NULL,NULL,NULL,NULL),(1197,1,2,1,-500,'expenses','cash','Lunch','2017-03-27 11:30:44',NULL,NULL,NULL,NULL),(1198,1,21,1,-120,'expenses','cash','','2017-03-27 10:15:20',NULL,NULL,NULL,NULL),(1199,1,2,1,-140,'expenses','cash','Pastry','2017-03-26 23:30:04',NULL,NULL,NULL,NULL),(1200,1,22,1,-770,'expenses','cash','Diapers','2017-03-26 21:30:55',NULL,NULL,NULL,NULL),(1201,1,2,1,-35,'expenses','cash','Milo','2017-03-26 21:15:50',NULL,NULL,NULL,NULL),(1202,1,56,1,-150,'expenses','cash','Elfy, Mug, Baloons','2017-03-26 21:00:47',NULL,NULL,NULL,NULL),(1203,1,6,1,-15,'expenses','transfer','ATM Fees','2017-03-26 21:00:42',NULL,NULL,NULL,NULL),(1204,1,2,1,-59,'expenses','cash','Bravo','2017-03-25 20:00:58',NULL,NULL,NULL,NULL),(1205,1,49,1,-497,'expenses','cash','Notebook, Pencils, Clay','2017-03-25 20:00:49',NULL,NULL,NULL,NULL),(1206,1,48,1,-378,'expenses','cash','LED bulbs','2017-03-25 20:00:49',NULL,NULL,NULL,NULL),(1207,1,26,1,-195,'expenses','cash','Hair Cream','2017-03-25 20:00:05',NULL,NULL,NULL,NULL),(1208,1,28,1,-500,'expenses','cash','','2017-03-25 17:30:58',NULL,NULL,NULL,NULL),(1209,1,16,1,-1290,'expenses','cash','Mach 3 (285), Super Machar Repellent (110), Shoe Polish (65), Nido 3+ (830)','2017-03-24 20:30:18',NULL,NULL,NULL,NULL),(1210,1,2,1,-150,'expenses','cash','Lunch','2017-03-24 11:30:40',NULL,NULL,NULL,NULL),(1211,1,22,1,-316,'expenses','cash','Pads','2017-03-23 23:30:05',NULL,NULL,NULL,NULL),(1212,1,2,1,-35,'expenses','cash','Milo','2017-03-23 23:19:58',NULL,NULL,NULL,NULL),(1213,1,2,1,-300,'expenses','cash','Fri Chicks Karizma Burger','2017-03-23 20:00:59',NULL,NULL,NULL,NULL),(1214,1,15,1,-516,'expenses','cash','Claritek Syp (231), Fibo Syp (215), Rigix Tab (70)','2017-03-22 23:45:40',NULL,NULL,NULL,NULL),(1215,1,28,1,-500,'expenses','cash','','2017-03-22 10:15:48',NULL,NULL,NULL,NULL),(1216,1,2,1,-100,'expenses','cash','Lunch','2017-03-21 11:30:00',NULL,NULL,NULL,NULL),(1217,1,28,1,-500,'expenses','cash','in Daddy\'s car','2017-03-21 10:15:29',NULL,NULL,NULL,NULL),(1218,1,60,1,-1796,'expenses','cash','pastefs.com domain renewal','2017-03-20 22:00:04',NULL,NULL,NULL,NULL),(1219,1,2,1,-170,'expenses','cash','OPTP Chips (To Sana)','2017-03-20 17:00:32',NULL,NULL,NULL,NULL),(1220,1,2,1,-200,'expenses','cash','Sabzi','2017-03-19 20:00:27',NULL,NULL,NULL,NULL),(1221,1,15,1,-349,'expenses','cash','Panadol (52.46), Claritek Syp (231), Arinac Syp (65.82)','2017-03-19 16:30:10',NULL,NULL,NULL,NULL),(1222,1,2,1,-130,'expenses','cash','Yogurt','2017-03-19 15:45:44',NULL,NULL,NULL,NULL),(1223,1,20,1,-300,'expenses','cash','Mustafa\'s checkup','2017-03-19 15:00:49',NULL,NULL,NULL,NULL),(1224,1,2,1,-50,'expenses','cash','Water','2017-03-18 17:30:51',NULL,NULL,NULL,NULL),(1225,1,30,1,-1000,'expenses','cash','Given to Kam wali aunti','2017-03-18 14:00:05',31.4420546,74.2425798,NULL,NULL),(1226,1,13,1,-1000,'expenses','transfer','Given to Ali','2017-03-17 21:00:10',NULL,NULL,NULL,NULL),(1227,1,22,1,-720,'expenses','cash','Diapers','2017-03-17 20:00:37',NULL,NULL,NULL,NULL),(1228,1,28,1,-1000,'expenses','debit card','','2017-03-17 19:45:56',NULL,NULL,NULL,NULL),(1229,1,2,1,-150,'expenses','cash','Lunch','2017-03-17 11:00:01',NULL,NULL,NULL,NULL),(1230,1,2,1,-166,'expenses','cash','Cigs','2017-03-16 13:30:38',NULL,NULL,NULL,NULL),(1231,1,2,1,-10,'expenses','cash','Lunch','2017-03-16 11:00:13',NULL,NULL,NULL,NULL),(1232,1,2,1,-50,'expenses','cash','For Cake','2017-03-15 11:00:34',NULL,NULL,NULL,NULL),(1233,1,2,1,-40,'expenses','cash','Lays','2017-03-14 18:00:48',NULL,NULL,NULL,NULL),(1234,1,28,1,-1000,'expenses','cash','','2017-03-14 16:00:27',NULL,NULL,NULL,NULL),(1235,1,2,1,-100,'expenses','cash','Lunch','2017-03-14 11:00:00',NULL,NULL,NULL,NULL),(1236,1,2,1,-230,'expenses','cash','Break, Eggs, Pastry','2017-03-13 22:30:54',NULL,NULL,NULL,NULL),(1237,1,2,1,-43,'expenses','cash','Cigs','2017-03-13 11:45:18',NULL,NULL,NULL,NULL),(1238,1,2,1,-100,'expenses','cash','Lunch','2017-03-13 11:30:49',NULL,NULL,NULL,NULL),(1239,1,22,1,-1300,'expenses','debit card','Belt','2017-03-12 23:00:32',NULL,NULL,NULL,NULL),(1240,1,22,1,-650,'expenses','cash','Chappal for Rabia and Ammi','2017-03-12 23:00:10',NULL,NULL,NULL,NULL),(1241,1,2,1,-3213,'expenses','debit card','Dinner at Bunda Khan Hotel','2017-03-12 22:00:08',NULL,NULL,NULL,NULL),(1242,1,2,1,-200,'expenses','cash','Coke and eatables','2017-03-12 16:30:05',NULL,NULL,NULL,NULL),(1243,1,31,1,-500,'expenses','cash','CD Player change','2017-03-11 18:30:18',NULL,NULL,NULL,NULL),(1244,1,13,1,-2000,'expenses','cash','Given to Ammi','2017-03-11 17:00:04',NULL,NULL,NULL,NULL),(1245,1,21,1,-100,'expenses','cash','','2017-03-11 15:00:30',NULL,NULL,NULL,NULL),(1246,1,13,1,-4750,'expenses','cash','Given to Shumaila','2017-03-10 22:00:50',NULL,NULL,NULL,NULL),(1247,1,18,1,-4000,'expenses','cash','Electricity Bill','2017-03-10 22:00:33',NULL,NULL,NULL,NULL),(1248,1,2,1,-35,'expenses','cash','Milo','2017-03-10 20:57:26',NULL,NULL,NULL,NULL),(1249,1,2,1,-50,'expenses','cash','Samosay','2017-03-10 17:30:48',NULL,NULL,NULL,NULL),(1250,1,2,1,-2519,'expenses','debit card','Milo (33), Cheese (279), Nuggets (399), Mortadella Slices (380), Olive Oil (440), Nido 3+ (798), Wipes (190)','2017-03-09 22:30:37',NULL,NULL,NULL,NULL),(1251,1,13,1,-3100,'expenses','cash','Given to Ammi','2017-03-09 22:30:34',NULL,NULL,NULL,NULL),(1252,1,47,1,-1199,'expenses','debit card','R/C Helicopter','2017-03-09 22:30:11',NULL,NULL,NULL,NULL),(1253,1,2,1,-270,'expenses','cash','Lunch','2017-03-09 17:55:47',NULL,NULL,NULL,NULL),(1254,1,2,1,-40,'expenses','cash','Milkpak and other eatlables','2017-03-09 17:00:50',NULL,NULL,NULL,NULL),(1255,1,28,1,-1000,'expenses','cash','','2017-03-09 10:15:24',NULL,NULL,NULL,NULL),(1256,1,16,1,-35000,'expenses','cash','','2017-03-09 00:29:34',NULL,NULL,NULL,NULL),(1257,1,2,1,-130,'expenses','cash','Lunch','2017-03-08 23:30:22',NULL,NULL,NULL,NULL),(1258,1,16,1,-150,'expenses','cash','Medicam Toothpaste','2017-03-07 22:00:38',NULL,NULL,NULL,NULL),(1259,1,22,1,-153,'expenses','cash','Pads','2017-03-07 22:00:31',NULL,NULL,NULL,NULL),(1260,1,15,1,-13,'expenses','cash','BD Pen needle','2017-03-07 22:00:08',NULL,NULL,NULL,NULL),(1261,1,4,1,-100,'expenses','cash','Flowers','2017-03-06 23:45:11',NULL,NULL,NULL,NULL),(1262,1,22,1,-850,'expenses','debit card','Diapers','2017-03-06 23:00:47',NULL,NULL,NULL,NULL),(1263,1,16,1,-860,'expenses','cash','Nido 3+','2017-03-06 23:00:10',NULL,NULL,NULL,NULL),(1264,1,52,1,90000,'income','cash','','2017-03-06 00:34:20',NULL,NULL,NULL,NULL),(1265,1,2,1,-170,'expenses','cash','Coke 1.5L x2','2017-03-05 20:00:46',NULL,NULL,NULL,NULL),(1266,1,2,1,-180,'expenses','cash','Apples','2017-03-05 15:00:07',NULL,NULL,NULL,NULL),(1267,1,2,1,-140,'expenses','cash','Water','2017-03-05 14:30:53',NULL,NULL,NULL,NULL),(1268,1,26,1,-60,'expenses','cash','Hair Dressing','2017-03-05 14:30:08',NULL,NULL,NULL,NULL),(1269,1,31,1,-1950,'expenses','cash','Oil Filter, Air Filter, Oil','2017-03-04 19:30:25',NULL,NULL,NULL,NULL),(1270,1,2,1,-115,'expenses','cash','Juice, Pizza','2017-03-04 11:00:43',NULL,NULL,NULL,NULL),(1271,1,28,1,-1000,'expenses','debit card','','2017-03-03 20:30:44',NULL,NULL,NULL,NULL),(1272,1,2,1,-150,'expenses','cash','Cigs','2017-03-03 15:00:18',NULL,NULL,NULL,NULL),(1273,1,2,1,-220,'expenses','cash','Lunch','2017-03-03 11:30:14',NULL,NULL,NULL,NULL),(1274,1,2,1,-20,'expenses','cash','Lunch','2017-03-02 11:30:03',NULL,NULL,NULL,NULL),(1275,1,16,1,-844,'expenses','debit card','Nido 3+','2017-03-01 19:00:29',NULL,NULL,NULL,NULL),(1276,1,15,1,-3450,'expenses','cash','Insulin, Glucometer','2017-03-01 16:30:54',NULL,NULL,NULL,NULL),(1277,1,2,1,-250,'expenses','cash','Sabzi, Biscuits','2017-03-01 13:45:52',NULL,NULL,NULL,NULL),(1278,1,2,1,-380,'expenses','cash','Fruits','2017-03-01 12:30:15',NULL,NULL,NULL,NULL),(1279,1,15,1,-349,'expenses','cash','Omne Forte','2017-03-01 01:00:32',NULL,NULL,NULL,NULL),(1280,1,2,1,-40,'expenses','cash','Juice','2017-02-28 23:00:59',NULL,NULL,NULL,NULL),(1281,1,15,1,-70,'expenses','cash','Hydryllin','2017-02-28 22:45:52',NULL,NULL,NULL,NULL),(1282,1,2,1,-85,'expenses','cash','Pizza','2017-02-28 22:45:37',NULL,NULL,NULL,NULL),(1283,1,2,1,-150,'expenses','cash','Eggs, Bread','2017-02-28 22:15:48',NULL,NULL,NULL,NULL),(1284,1,2,1,-140,'expenses','cash','Lunch','2017-02-28 13:30:58',NULL,NULL,NULL,NULL),(1285,1,28,1,-100,'expenses','cash','','2017-02-27 20:45:52',NULL,NULL,NULL,NULL),(1286,1,2,1,-10,'expenses','cash','Bunties','2017-02-27 11:00:29',NULL,NULL,NULL,NULL),(1287,1,2,1,-140,'expenses','cash','Water','2017-02-26 18:45:50',NULL,NULL,NULL,NULL),(1288,1,2,1,-30,'expenses','cash','Milkpak','2017-02-26 18:45:25',NULL,NULL,NULL,NULL),(1289,1,15,1,-470,'expenses','cash','Nux Moschata 30x, Arscenica Album 30x','2017-02-26 18:30:44',NULL,NULL,NULL,NULL),(1290,1,28,1,-500,'expenses','debit card','in Daddy\'s car','2017-02-25 20:00:01',NULL,NULL,NULL,NULL),(1291,1,13,1,-2500,'expenses','cash','Given to Ali','2017-02-25 15:00:00',NULL,NULL,NULL,NULL),(1292,1,2,1,-10,'expenses','cash','Bunties','2017-02-24 21:40:38',NULL,NULL,NULL,NULL),(1293,1,2,1,-60,'expenses','cash','Lays','2017-02-24 21:35:08',NULL,NULL,NULL,NULL),(1294,1,48,1,-1000,'expenses','cash','Gas refill in Cylinder','2017-02-24 21:30:09',NULL,NULL,NULL,NULL),(1295,1,2,1,-60,'expenses','cash','Juice','2017-02-24 20:00:17',NULL,NULL,NULL,NULL),(1296,1,2,1,-110,'expenses','cash','Lunch','2017-02-24 11:30:11',NULL,NULL,NULL,NULL),(1297,1,22,1,-755,'expenses','debit card','Diapers','2017-02-23 20:00:56',NULL,NULL,NULL,NULL),(1298,1,16,1,-844,'expenses','debit card','Nido 3+','2017-02-23 20:00:30',NULL,NULL,NULL,NULL),(1299,1,2,1,-100,'expenses','cash','Lunch','2017-02-23 11:30:42',NULL,NULL,NULL,NULL),(1300,1,28,1,-200,'expenses','cash','','2017-02-22 19:45:48',NULL,NULL,NULL,NULL),(1301,1,46,1,-140,'expenses','cash','Mospel','2017-02-21 23:00:35',NULL,NULL,NULL,NULL),(1302,1,6,1,-15,'expenses','transfer','ATM Fees','2017-02-21 23:00:07',NULL,NULL,NULL,NULL),(1303,1,22,1,-153,'expenses','cash','Pads','2017-02-21 23:00:03',NULL,NULL,NULL,NULL),(1304,1,2,1,-390,'expenses','cash','Lunch (100), Burger (290)','2017-02-21 13:30:06',NULL,NULL,NULL,NULL),(1305,1,2,1,-40,'expenses','cash','Bunties','2017-02-20 23:30:53',NULL,NULL,NULL,NULL),(1306,1,16,1,-422,'expenses','cash','Nido 3+','2017-02-20 20:00:29',NULL,NULL,NULL,NULL),(1307,1,2,1,-60,'expenses','cash','Juice','2017-02-20 20:00:03',NULL,NULL,NULL,NULL),(1308,1,42,1,-10,'expenses','cash','Parking Fees near Zong Office','2017-02-20 14:20:57',NULL,NULL,NULL,NULL),(1309,1,11,1,-1500,'expenses','cash','Zong Internet','2017-02-20 14:15:06',NULL,NULL,NULL,NULL),(1310,1,6,1,-30,'expenses','cash','ATM Fees','2017-02-20 14:00:26',NULL,NULL,NULL,NULL),(1311,1,47,1,-20,'expenses','cash','Baloon','2017-02-19 20:00:35',NULL,NULL,NULL,NULL),(1312,1,16,1,-422,'expenses','cash','Nido 3+','2017-02-18 23:00:31',NULL,NULL,NULL,NULL),(1313,1,11,1,-1500,'expenses','transfer','','2017-02-18 21:00:58',NULL,NULL,NULL,NULL),(1314,1,2,1,-190,'expenses','cash','Pending amount paid to local shop in Riverview','2017-02-18 20:00:09',NULL,NULL,NULL,NULL),(1315,1,2,1,-150,'expenses','cash','Cigs','2017-02-18 18:00:33',NULL,NULL,NULL,NULL),(1316,1,2,1,-560,'expenses','debit card','Chicken Bread x1 (150), Pastry x6 (210), Chicken Paties x5 (200)','2017-02-18 15:00:53',NULL,NULL,NULL,NULL),(1317,1,2,1,-70,'expenses','cash','Lunch','2017-02-17 11:30:00',NULL,NULL,NULL,NULL),(1318,1,28,1,-100,'expenses','cash','','2017-02-17 10:15:29',NULL,NULL,NULL,NULL),(1319,1,2,1,-200,'expenses','cash','To Shumaila','2017-02-17 10:00:36',NULL,NULL,NULL,NULL),(1320,1,2,1,-60,'expenses','cash','Juice','2017-02-16 20:30:41',NULL,NULL,NULL,NULL),(1321,1,2,1,-230,'expenses','cash','OPTP Chips','2017-02-16 17:00:58',NULL,NULL,NULL,NULL),(1322,1,2,1,-25,'expenses','cash','Juice','2017-02-15 13:45:48',NULL,NULL,NULL,NULL),(1323,1,28,1,-100,'expenses','cash','','2017-02-15 10:15:02',NULL,NULL,NULL,NULL),(1324,1,2,1,-250,'expenses','cash','Chocolates, Coke','2017-02-14 23:00:48',NULL,NULL,NULL,NULL),(1325,1,22,1,-400,'expenses','cash','Mustafa\'s Shoes','2017-02-14 22:45:01',NULL,NULL,NULL,NULL),(1326,1,2,1,-30,'expenses','cash','Ice Cream','2017-02-14 21:30:44',NULL,NULL,NULL,NULL),(1327,1,2,1,-100,'expenses','cash','Bananas','2017-02-14 21:30:27',NULL,NULL,NULL,NULL),(1328,1,6,1,-15,'expenses','cash','ATM Fees','2017-02-14 21:30:02',NULL,NULL,NULL,NULL),(1329,1,13,1,-1080,'expenses','transfer','Given to Ali','2017-02-14 16:45:03',NULL,NULL,NULL,NULL),(1330,1,15,1,-194,'expenses','debit card','Laxoberon Syp, Norvasc Tab','2017-02-13 23:30:47',NULL,NULL,NULL,NULL),(1331,1,16,1,-99,'expenses','debit card','King Mat x30','2017-02-13 23:30:00',NULL,NULL,NULL,NULL),(1332,1,13,1,-2000,'expenses','cash','To Shumaila','2017-02-13 23:00:17',NULL,NULL,NULL,NULL),(1333,1,22,1,-755,'expenses','debit card','Diapers','2017-02-13 22:30:07',NULL,NULL,NULL,NULL),(1334,1,2,1,-280,'expenses','transfer','OPTP Chips','2017-02-13 17:00:53',NULL,NULL,NULL,NULL),(1335,1,2,1,-165,'expenses','cash','Fanta, Jelly, Chicken cube','2017-02-11 20:00:45',NULL,NULL,NULL,NULL),(1336,1,2,1,-85,'expenses','cash','Yogurt','2017-02-10 20:15:48',NULL,NULL,NULL,NULL),(1337,1,2,1,-190,'expenses','cash','Chick Peas','2017-02-10 20:00:13',NULL,NULL,NULL,NULL),(1338,1,2,1,-30,'expenses','cash','Lunch','2017-02-10 11:30:47',NULL,NULL,NULL,NULL),(1339,1,56,1,-4861,'expenses','credit card','Mustafa\'s Clothes ($5.63+$16.77), Car Player ($21.08)','2017-02-09 23:15:59',NULL,NULL,NULL,NULL),(1340,1,2,1,-16,'expenses','cash','Cigs','2017-02-09 13:30:37',NULL,NULL,NULL,NULL),(1341,1,6,1,-90,'expenses','transfer','Bank Charges For Intet-Bank Fund transfer','2017-02-08 13:37:03',NULL,NULL,NULL,NULL),(1342,1,13,1,-4000,'expenses','cash','Given to Ammi','2017-02-08 10:00:42',NULL,NULL,NULL,NULL),(1343,1,16,1,-35000,'expenses','cash','','2017-02-08 10:00:34',NULL,NULL,NULL,NULL),(1344,1,28,1,-1000,'expenses','cash','','2017-02-07 13:00:29',NULL,NULL,NULL,NULL),(1345,1,61,1,-2420,'expenses','transfer','Office Fine and Increment Contribution','2017-02-07 12:56:23',NULL,NULL,NULL,NULL),(1346,1,2,1,-66,'expenses','cash','Lunch','2017-02-07 11:38:38',NULL,NULL,NULL,NULL),(1347,1,8,1,-5000,'expenses','transfer','Balance Savings','2017-02-07 11:38:10',NULL,NULL,NULL,NULL),(1348,1,2,1,-50,'expenses','cash','Lunch','2017-02-06 23:30:01',NULL,NULL,NULL,NULL),(1349,1,2,1,-700,'expenses','cash','Cake for Almas birthday','2017-02-06 22:00:19',NULL,NULL,NULL,NULL),(1350,1,16,1,-798,'expenses','debit card','Nido 3+','2017-02-06 21:30:49',NULL,NULL,NULL,NULL),(1351,1,47,1,-309,'expenses','debit card','Doll dinner set plastic','2017-02-06 21:30:35',NULL,NULL,NULL,NULL),(1352,1,34,1,-638,'expenses','debit card','For Almas','2017-02-06 21:30:31',NULL,NULL,NULL,NULL),(1353,1,2,1,-150,'expenses','cash','Cigs','2017-02-06 15:38:39',NULL,NULL,NULL,NULL),(1354,1,2,1,-120,'expenses','cash','Milkpak','2017-02-05 23:30:44',NULL,NULL,NULL,NULL),(1355,1,2,1,-780,'expenses','cash','Chicken Burgers 6x','2017-02-05 23:30:18',NULL,NULL,NULL,NULL),(1356,1,6,1,-580,'expenses','cash','Toll Tax (Islamabad to Lahore)','2017-02-05 23:00:55',NULL,NULL,NULL,NULL),(1357,1,28,1,-1000,'expenses','cash','Islamabad to Lahore','2017-02-05 22:00:27',NULL,NULL,NULL,NULL),(1358,1,6,1,-15,'expenses','transfer','ATM Fees','2017-02-05 21:50:06',NULL,NULL,NULL,NULL),(1359,1,22,1,-2500,'expenses','cash','Suits from Islamabad','2017-02-05 18:00:20',NULL,NULL,NULL,NULL),(1360,1,52,1,90000,'income','cash','','2017-02-05 00:34:20',NULL,NULL,NULL,NULL),(1361,1,2,1,-1590,'expenses','cash','Dinner at Islamabad','2017-02-04 23:00:49',NULL,NULL,NULL,NULL),(1362,1,6,1,-15,'expenses','transfer','ATM Fees','2017-02-04 22:50:27',NULL,NULL,NULL,NULL),(1363,1,2,1,-90,'expenses','cash','Ice Cream and Lollipop','2017-02-04 20:30:28',NULL,NULL,NULL,NULL),(1364,1,2,1,-300,'expenses','cash','Chai and Coke from a restaurant in Muree','2017-02-04 19:30:23',NULL,NULL,NULL,NULL),(1365,1,2,1,-100,'expenses','cash','Eggs','2017-02-04 17:00:47',NULL,NULL,NULL,NULL),(1366,1,6,1,-100,'expenses','cash','Toll Tax For Muree','2017-02-04 16:00:03',NULL,NULL,NULL,NULL),(1367,1,28,1,-2000,'expenses','cash','For Muree Trip','2017-02-04 15:30:26',NULL,NULL,NULL,NULL),(1368,1,34,1,-2000,'expenses','cash','Given to Aiyza and Rafia','2017-02-04 15:00:38',NULL,NULL,NULL,NULL),(1369,1,2,1,-300,'expenses','cash','OPTP Chips','2017-02-03 23:30:15',NULL,NULL,NULL,NULL),(1370,1,13,1,-500,'expenses','cash','For Food and Drinks to Ali in Centaurus','2017-02-03 23:30:00',NULL,NULL,NULL,NULL),(1371,1,56,1,-490,'expenses','cash','Flute Toy from Centaurus','2017-02-03 22:00:38',NULL,NULL,NULL,NULL),(1372,1,56,1,-450,'expenses','cash','Books, Stars for Mustafa from Centaurus','2017-02-03 22:00:09',NULL,NULL,NULL,NULL),(1373,1,6,1,-580,'expenses','cash','Toll Tax (Lahore to Islamabad)','2017-02-03 05:30:57',NULL,NULL,NULL,NULL),(1374,1,61,1,-15,'expenses','transfer','ATM Fees','2017-02-03 01:35:52',NULL,NULL,NULL,NULL),(1375,1,41,1,-1000,'expenses','cash','Fuel for Lhr to Isb trip','2017-02-03 01:35:34',NULL,NULL,NULL,NULL),(1376,1,2,1,-260,'expenses','cash','Lays, Milo, Bunties','2017-02-02 21:00:01',NULL,NULL,NULL,NULL),(1377,1,2,1,-100,'expenses','cash','Lunch','2017-02-02 11:30:31',NULL,NULL,NULL,NULL),(1378,1,26,1,-295,'expenses','cash','Beauty Parlour','2017-02-01 18:00:56',NULL,NULL,NULL,NULL),(1379,1,22,1,-755,'expenses','cash','Diapers','2017-02-01 17:00:07',NULL,NULL,NULL,NULL),(1380,1,2,1,-220,'expenses','cash','Lunch','2017-02-01 11:30:50',NULL,NULL,NULL,NULL),(1381,1,16,1,-850,'expenses','cash','Nido 3+','2017-01-31 21:15:30',NULL,NULL,NULL,NULL),(1382,1,2,1,-185,'expenses','debit card','Pizza, Lays','2017-01-31 21:15:07',NULL,NULL,NULL,NULL),(1383,1,2,1,-100,'expenses','cash','Lunch','2017-01-31 11:30:15',NULL,NULL,NULL,NULL),(1384,1,2,1,-190,'expenses','cash','Pizza','2017-01-30 20:50:27',NULL,NULL,NULL,NULL),(1385,1,61,1,-15,'expenses','cash','ATM Fees','2017-01-30 20:45:53',NULL,NULL,NULL,NULL),(1386,1,2,1,-100,'expenses','cash','Lunch','2017-01-30 11:30:08',NULL,NULL,NULL,NULL),(1387,1,28,1,-1000,'expenses','cash','','2017-01-30 10:45:21',NULL,NULL,NULL,NULL),(1388,1,2,1,-270,'expenses','cash','Coke 2.25L x2 (210), Juice x3 (60)','2017-01-29 19:30:00',NULL,NULL,NULL,NULL),(1389,1,2,1,-115,'expenses','cash','Chocolates, Matches','2017-01-28 23:00:33',NULL,NULL,NULL,NULL),(1390,1,22,1,-306,'expenses','debit card','Pads','2017-01-27 20:00:29',NULL,NULL,NULL,NULL),(1391,1,2,1,-50,'expenses','cash','Lunch','2017-01-27 11:57:07',NULL,NULL,NULL,NULL),(1392,1,28,1,-500,'expenses','cash','','2017-01-26 22:00:27',NULL,NULL,NULL,NULL),(1393,1,61,1,-15,'expenses','cash','ATM Fees','2017-01-26 22:00:24',NULL,NULL,NULL,NULL),(1394,1,2,1,-100,'expenses','cash','Lunch','2017-01-26 11:45:57',NULL,NULL,NULL,NULL),(1395,1,42,1,-30,'expenses','cash','Near Hafeez Center','2017-01-25 21:30:22',NULL,NULL,NULL,NULL),(1396,1,10,1,-500,'expenses','cash','Tablet Screen Replace','2017-01-25 21:30:06',NULL,NULL,NULL,NULL),(1397,1,2,1,-150,'expenses','cash','Cigs','2017-01-25 19:00:15',NULL,NULL,NULL,NULL),(1398,1,15,1,-66,'expenses','cash','Strepsils','2017-01-24 20:15:59',NULL,NULL,NULL,NULL),(1399,1,16,1,-822,'expenses','cash','Nido 3+','2017-01-24 20:15:22',NULL,NULL,NULL,NULL),(1400,1,2,1,-50,'expenses','cash','Lunch','2017-01-24 11:30:32',NULL,NULL,NULL,NULL),(1401,1,15,1,-170,'expenses','cash','Lilac (For constipation), Maxus Tab','2017-01-23 23:45:07',NULL,NULL,NULL,NULL),(1402,1,21,1,-500,'expenses','cash','Given to Azaan','2017-01-23 22:30:13',NULL,NULL,NULL,NULL),(1403,1,28,1,-1000,'expenses','debit card','','2017-01-23 20:00:39',NULL,NULL,NULL,NULL),(1404,1,2,1,-170,'expenses','cash','OPTP Chips','2017-01-23 18:00:04',NULL,NULL,NULL,NULL),(1405,1,2,1,-40,'expenses','cash','Cigs','2017-01-23 13:15:27',NULL,NULL,NULL,NULL),(1406,1,15,1,-135,'expenses','cash','Augmentin 625mg','2017-01-22 20:15:42',NULL,NULL,NULL,NULL),(1407,1,22,1,-774,'expenses','debit card','Diapers','2017-01-22 20:00:55',NULL,NULL,NULL,NULL),(1408,1,2,1,-360,'expenses','cash','Fruit Cocktail, Vanilla Essence, Cream','2017-01-22 20:00:18',NULL,NULL,NULL,NULL),(1409,1,2,1,-60,'expenses','cash','Fresh Juice','2017-01-22 19:55:06',NULL,NULL,NULL,NULL),(1410,1,2,1,-430,'expenses','transfer','Butter, Milo','2017-01-22 19:50:43',NULL,NULL,NULL,NULL),(1411,1,61,1,-15,'expenses','transfer','','2017-01-22 19:45:58',NULL,NULL,NULL,NULL),(1412,1,2,1,-390,'expenses','cash','Samosay, Lays, Biscuits','2017-01-22 16:00:18',NULL,NULL,NULL,NULL),(1413,1,15,1,-90,'expenses','cash','Rigix Tab, Maxus Tab','2017-01-21 23:44:26',NULL,NULL,NULL,NULL),(1414,1,2,1,-100,'expenses','cash','Lunch','2017-01-20 11:30:32',NULL,NULL,NULL,NULL),(1415,1,2,1,-50,'expenses','cash','Lunch','2017-01-19 11:30:34',NULL,NULL,NULL,NULL),(1416,1,2,1,-200,'expenses','cash','Annar Juice','2017-01-18 21:21:52',NULL,NULL,NULL,NULL),(1417,1,16,1,-844,'expenses','debit card','Nido 3+','2017-01-18 21:21:25',NULL,NULL,NULL,NULL),(1418,1,28,1,-500,'expenses','cash','','2017-01-18 20:20:00',NULL,NULL,NULL,NULL),(1419,1,6,1,-30,'expenses','transfer','ATM Fees','2017-01-16 20:00:27',NULL,NULL,NULL,NULL),(1420,1,2,1,-95,'expenses','cash','Water, Biscuits','2017-01-16 20:00:05',NULL,NULL,NULL,NULL),(1421,1,41,1,-2000,'expenses','cash','DGKhan to Lahore','2017-01-16 16:30:19',NULL,NULL,NULL,NULL),(1422,1,6,1,-310,'expenses','cash','Toll Plaza Tax','2017-01-16 00:55:10',NULL,NULL,NULL,NULL),(1423,1,31,1,-300,'expenses','cash','Fixing of Door','2017-01-15 19:51:53',NULL,NULL,NULL,NULL),(1424,1,28,1,-500,'expenses','cash','','2017-01-15 16:00:24',NULL,NULL,NULL,NULL),(1425,1,41,1,-2340,'expenses','cash','Lahore to DGKhan','2017-01-14 02:45:00',NULL,NULL,NULL,NULL),(1426,1,6,1,-15,'expenses','transfer','ATM Fees','2017-01-13 21:15:01',NULL,NULL,NULL,NULL),(1427,1,2,1,-100,'expenses','cash','Lunch','2017-01-13 11:30:31',NULL,NULL,NULL,NULL),(1428,1,2,1,-100,'expenses','cash','Pastry','2017-01-12 20:15:38',NULL,NULL,NULL,NULL),(1429,1,61,1,-190,'expenses','cash','Office Fine','2017-01-12 15:40:16',NULL,NULL,NULL,NULL),(1430,1,22,1,-755,'expenses','cash','Diapers','2017-01-11 23:55:31',NULL,NULL,NULL,NULL),(1431,1,15,1,-414,'expenses','cash','CaC 1000, Fefol Vit Capsules','2017-01-11 23:55:30',NULL,NULL,NULL,NULL),(1432,1,16,1,-844,'expenses','cash','Nido 3+','2017-01-11 23:55:09',NULL,NULL,NULL,NULL),(1433,1,42,1,-100,'expenses','cash','','2017-01-11 21:30:56',NULL,NULL,NULL,NULL),(1434,1,2,1,-100,'expenses','cash','Lunch','2017-01-11 11:30:50',NULL,NULL,NULL,NULL),(1435,1,13,1,-4000,'expenses','cash','Given to Ammi','2017-01-11 10:00:12',NULL,NULL,NULL,NULL),(1436,1,28,1,-500,'expenses','transfer','','2017-01-10 21:00:44',NULL,NULL,NULL,NULL),(1437,1,2,1,-150,'expenses','transfer','Cigs','2017-01-10 18:00:41',NULL,NULL,NULL,NULL),(1438,1,42,1,-45,'expenses','transfer','','2017-01-10 13:30:09',NULL,NULL,NULL,NULL),(1439,1,11,1,-2000,'expenses','transfer','Zong Internet','2017-01-09 21:00:48',NULL,NULL,NULL,NULL),(1440,1,2,1,-50,'expenses','cash','Lunch','2017-01-09 11:50:20',NULL,NULL,NULL,NULL),(1441,1,16,1,-35000,'expenses','cash','','2017-01-09 00:29:34',NULL,NULL,NULL,NULL),(1442,1,2,1,-1820,'expenses','cash','Dinner at Al-Nakhal','2017-01-08 22:05:03',NULL,NULL,NULL,NULL),(1443,1,42,1,-30,'expenses','cash','Parking Fees','2017-01-08 21:50:40',NULL,NULL,NULL,NULL),(1444,1,6,1,-15,'expenses','cash','ATM Fees','2017-01-08 21:45:56',NULL,NULL,NULL,NULL),(1445,1,2,1,-37,'expenses','cash','Milo, Candies x1','2017-01-08 13:30:26',NULL,NULL,NULL,NULL),(1446,1,2,1,-100,'expenses','cash','Lays, Coke from Bahria Town','2017-01-07 23:30:56',NULL,NULL,NULL,NULL),(1447,1,47,1,-4300,'expenses','credit card','Mustafa\'s Train from Ali Express','2017-01-07 16:30:01',NULL,NULL,NULL,NULL),(1448,1,6,1,-90,'expenses','transfer','Bank Charges For Intet-Bank Fund transfer','2017-01-07 12:35:44',NULL,NULL,NULL,NULL),(1449,1,13,1,-5000,'expenses','cash','Given to Shumaila','2017-01-07 10:56:25',NULL,NULL,NULL,NULL),(1450,1,6,1,-30,'expenses','transfer','ATM Fees','2017-01-06 20:55:57',NULL,NULL,NULL,NULL),(1451,1,16,1,-844,'expenses','debit card','Nido 3+','2017-01-06 20:50:04',NULL,NULL,NULL,NULL),(1452,1,8,1,-10000,'expenses','cash','Balance Savings','2017-01-06 13:14:31',NULL,NULL,NULL,NULL),(1453,1,2,1,-60,'expenses','cash','Lunch','2017-01-06 12:00:39',NULL,NULL,NULL,NULL),(1454,1,28,1,-1000,'expenses','debit card','','2017-01-06 10:10:41',NULL,NULL,NULL,NULL),(1455,1,10,1,-735,'expenses','transfer','Telenor Bill','2017-01-05 18:55:38',NULL,NULL,NULL,NULL),(1456,1,52,1,90000,'income','cash','','2017-01-05 14:00:20',NULL,NULL,NULL,NULL),(1457,1,2,1,-100,'expenses','cash','Lunch','2017-01-05 12:01:43',NULL,NULL,NULL,NULL),(1458,1,11,1,-100,'expenses','transfer','Telenor Card for internet','2017-01-04 23:45:24',NULL,NULL,NULL,NULL),(1459,1,22,1,-750,'expenses','cash','Diapers','2017-01-04 20:00:06',NULL,NULL,NULL,NULL),(1460,1,2,1,-100,'expenses','cash','','2017-01-04 11:40:30',NULL,NULL,NULL,NULL),(1461,1,28,1,-500,'expenses','cash','','2017-01-03 21:00:02',NULL,NULL,NULL,NULL),(1462,1,2,1,-60,'expenses','cash','Lunch','2017-01-03 11:15:35',NULL,NULL,NULL,NULL),(1463,1,2,1,-200,'expenses','cash','Milkpak and other eatlables','2017-01-03 10:00:53',NULL,NULL,NULL,NULL),(1464,1,2,1,-200,'expenses','cash','2x Zinger Burgers','2017-01-02 20:45:03',NULL,NULL,NULL,NULL),(1465,1,44,1,-200,'expenses','cash','Eiffel Tower Tickets','2017-01-02 19:45:55',NULL,NULL,NULL,NULL),(1466,1,2,1,-200,'expenses','cash','Fries','2017-01-02 19:40:26',NULL,NULL,NULL,NULL),(1467,1,6,1,-40,'expenses','cash','Parking Fees','2017-01-02 19:35:36',NULL,NULL,NULL,NULL),(1468,1,6,1,-15,'expenses','transfer','ATM Fees','2017-01-02 19:30:49',NULL,NULL,NULL,NULL),(1469,1,16,1,-1244,'expenses','debit card','Nido 3+, Lays, Coke, King Matt, Fox Candies','2017-01-01 22:15:55',NULL,NULL,NULL,NULL),(1470,1,47,1,-409,'expenses','debit card','Blocks for Mustafa','2017-01-01 22:15:06',NULL,NULL,NULL,NULL),(1471,1,6,1,-57703,'expenses','cash','Balancing, I mistakenly messed something up on May 4 at 11:15pm I guess','2017-01-01 00:00:53',NULL,NULL,NULL,NULL),(1472,1,2,1,-60,'expenses','cash','Jelly, Lollipop','2016-12-31 17:10:07',NULL,NULL,NULL,NULL),(1473,1,2,1,-60,'expenses','cash','Lunch','2016-12-30 11:30:02',NULL,NULL,NULL,NULL),(1474,1,13,1,-500,'expenses','cash','Given to Ali','2016-12-29 22:50:37',NULL,NULL,NULL,NULL),(1475,1,21,1,-2000,'expenses','cash','Salami for Naila\'s Son','2016-12-29 22:15:33',NULL,NULL,NULL,NULL),(1476,1,28,1,-1000,'expenses','cash','','2016-12-29 20:15:58',NULL,NULL,NULL,NULL),(1477,1,2,1,-85,'expenses','cash','Lunch','2016-12-29 13:45:41',NULL,NULL,NULL,NULL),(1478,1,10,1,-500,'expenses','transfer','Telenor Bill','2016-12-28 16:00:35',NULL,NULL,NULL,NULL),(1479,1,16,1,-1200,'expenses','debit card','Nido 3+','2016-12-27 20:30:54',NULL,NULL,NULL,NULL),(1480,1,2,1,-208,'expenses','debit card','Peanuts','2016-12-27 20:30:26',NULL,NULL,NULL,NULL),(1481,1,2,1,-20,'expenses','cash','Lunch','2016-12-27 11:17:59',NULL,NULL,NULL,NULL),(1482,1,31,1,-2700,'expenses','debit card','Oil Filter, Air Filter, Oil','2016-12-26 20:45:38',NULL,NULL,NULL,NULL),(1483,1,28,1,-500,'expenses','cash','','2016-12-26 20:40:07',NULL,NULL,NULL,NULL),(1484,1,2,1,-150,'expenses','cash','Cigs','2016-12-26 12:30:29',NULL,NULL,NULL,NULL),(1485,1,2,1,-100,'expenses','cash','Lunch','2016-12-26 11:30:34',NULL,NULL,NULL,NULL),(1486,1,2,1,-500,'expenses','cash','Chicken Kofta','2016-12-25 19:00:45',NULL,NULL,NULL,NULL),(1487,1,16,1,-150,'expenses','cash','Milkpak','2016-12-25 12:16:33',NULL,NULL,NULL,NULL),(1488,1,2,1,-35,'expenses','cash','Milo','2016-12-24 23:35:51',NULL,NULL,NULL,NULL),(1489,1,16,1,-844,'expenses','debit card','Nido 3+','2016-12-24 23:30:19',NULL,NULL,NULL,NULL),(1490,1,15,1,-70,'expenses','debit card','Rigix Tab','2016-12-24 23:30:13',NULL,NULL,NULL,NULL),(1491,1,11,1,-100,'expenses','transfer','Telenor Card for internet','2016-12-24 14:19:46',NULL,NULL,NULL,NULL),(1492,1,2,1,-50,'expenses','cash','Lunch','2016-12-23 11:55:03',NULL,NULL,NULL,NULL),(1493,1,16,1,-435,'expenses','cash','Nido 3+','2016-12-22 23:00:43',NULL,NULL,NULL,NULL),(1494,1,22,1,-850,'expenses','cash','Diapers','2016-12-22 23:00:27',NULL,NULL,NULL,NULL),(1495,1,28,1,-1000,'expenses','debit card','','2016-12-22 12:45:17',NULL,NULL,NULL,NULL),(1496,1,2,1,-735,'expenses','cash','Cake, Juice, Soup, Milo','2016-12-21 22:00:27',NULL,NULL,NULL,NULL),(1497,1,49,1,-300,'expenses','cash','Mustafa\'s Books','2016-12-21 21:58:03',NULL,NULL,NULL,NULL),(1498,1,22,1,-1450,'expenses','cash','Mustafa\'s Shirts','2016-12-21 21:44:29',NULL,NULL,NULL,NULL),(1499,1,2,1,-95,'expenses','cash','Lunch','2016-12-21 13:55:57',NULL,NULL,NULL,NULL),(1500,1,2,1,-40,'expenses','cash','Cigs','2016-12-21 12:35:37',NULL,NULL,NULL,NULL),(1501,1,61,1,-15,'expenses','transfer','ATM Fees','2016-12-21 12:35:29',NULL,NULL,NULL,NULL),(1502,1,2,1,-50,'expenses','cash','Lunch','2016-12-20 11:45:17',NULL,NULL,NULL,NULL),(1503,1,2,1,-65,'expenses','cash','Yogurt','2016-12-19 20:49:57',NULL,NULL,NULL,NULL),(1504,1,16,1,-430,'expenses','debit card','Nido 3+','2016-12-19 20:49:05',NULL,NULL,NULL,NULL),(1505,1,2,1,-80,'expenses','cash','Lunch','2016-12-19 11:48:42',NULL,NULL,NULL,NULL),(1506,1,2,1,-920,'expenses','debit card','China Box, Emporium Mall','2016-12-18 22:11:43',NULL,NULL,NULL,NULL),(1507,1,2,1,-840,'expenses','cash','Chachajee, Emporium Mall','2016-12-18 21:50:12',NULL,NULL,NULL,NULL),(1508,1,28,1,-500,'expenses','cash','','2016-12-18 20:04:53',NULL,NULL,NULL,NULL),(1509,1,2,1,-100,'expenses','cash','Lays','2016-12-18 16:30:37',NULL,NULL,NULL,NULL),(1510,1,2,1,-20,'expenses','cash','Lays','2016-12-17 20:04:42',NULL,NULL,NULL,NULL),(1511,1,2,1,-85,'expenses','cash','Yogurt','2016-12-16 20:35:48',NULL,NULL,NULL,NULL),(1512,1,28,1,-1000,'expenses','debit card','','2016-12-15 20:25:32',NULL,NULL,NULL,NULL),(1513,1,2,1,-50,'expenses','cash','Cigs','2016-12-15 18:50:57',NULL,NULL,NULL,NULL),(1514,1,61,1,-15,'expenses','transfer','ATM Fees','2016-12-15 18:40:15',NULL,NULL,NULL,NULL),(1515,1,2,1,-50,'expenses','cash','Lunch','2016-12-15 11:45:41',NULL,NULL,NULL,NULL),(1516,1,2,1,-35,'expenses','cash','Milo','2016-12-14 23:00:02',NULL,NULL,NULL,NULL),(1517,1,2,1,-100,'expenses','cash','Lunch','2016-12-14 11:45:25',NULL,NULL,NULL,NULL),(1518,1,22,1,-755,'expenses','debit card','Diapers','2016-12-13 23:40:30',NULL,NULL,NULL,NULL),(1519,1,15,1,-60,'expenses','debit card','Strepsils','2016-12-13 23:40:25',NULL,NULL,NULL,NULL),(1520,1,2,1,-40,'expenses','cash','Cigs','2016-12-13 12:30:04',NULL,NULL,NULL,NULL),(1521,1,26,1,-70,'expenses','cash','Hair Dressing','2016-12-12 19:30:11',NULL,NULL,NULL,NULL),(1522,1,15,1,-650,'expenses','cash','Cefspan Capsule','2016-12-11 16:20:22',NULL,NULL,NULL,NULL),(1523,1,20,1,-300,'expenses','cash','Shumaila\'s Checkup','2016-12-11 16:15:42',NULL,NULL,NULL,NULL),(1524,1,2,1,-30,'expenses','cash','Juice','2016-12-11 16:00:48',NULL,NULL,NULL,NULL),(1525,1,2,1,-130,'expenses','cash','Chips','2016-12-11 16:00:34',NULL,NULL,NULL,NULL),(1526,1,2,1,-204,'expenses','cash','Juice','2016-12-10 22:45:05',NULL,NULL,NULL,NULL),(1527,1,2,1,-50,'expenses','cash','Chips','2016-12-10 21:00:23',NULL,NULL,NULL,NULL),(1528,1,38,1,-150,'expenses','cash','Stylus','2016-12-10 15:25:27',NULL,NULL,NULL,NULL),(1529,1,58,1,-2000,'expenses','cash','Soil For back of the house','2016-12-10 12:50:15',NULL,NULL,NULL,NULL),(1530,1,15,1,-290,'expenses','cash','Cefspan Syrup','2016-12-10 12:45:29',NULL,NULL,NULL,NULL),(1531,1,20,1,-500,'expenses','cash','Doctor Fee','2016-12-10 12:00:44',NULL,NULL,NULL,NULL),(1532,1,61,1,-15,'expenses','cash','ATM Fees','2016-12-10 11:50:49',NULL,NULL,NULL,NULL),(1533,1,8,1,-7888,'expenses','debit card','Balance Savings','2016-12-09 22:36:32',NULL,NULL,NULL,NULL),(1534,1,21,1,-3800,'expenses','debit card','','2016-12-09 21:57:29',NULL,NULL,NULL,NULL),(1535,1,2,1,-50,'expenses','debit card','Lunch','2016-12-09 12:00:07',NULL,NULL,NULL,NULL),(1536,1,28,1,-1000,'expenses','debit card','','2016-12-09 11:00:56',NULL,NULL,NULL,NULL),(1537,1,13,1,-5000,'expenses','cash','To Ammi','2016-12-08 21:50:59',NULL,NULL,NULL,NULL),(1538,1,61,1,-200,'expenses','cash','Office Fine','2016-12-08 14:33:50',NULL,NULL,NULL,NULL),(1539,1,2,1,-50,'expenses','cash','To Shumaila','2016-12-08 13:49:27',NULL,NULL,NULL,NULL),(1540,1,2,1,-24,'expenses','cash','Cigs','2016-12-08 13:33:23',NULL,NULL,NULL,NULL),(1541,1,2,1,-100,'expenses','cash','Lunch','2016-12-08 12:00:47',NULL,NULL,NULL,NULL),(1542,1,52,1,90000,'income','cash','','2016-12-08 00:34:20',NULL,NULL,NULL,NULL),(1543,1,13,1,-5000,'expenses','cash','Pocket Money','2016-12-08 00:31:28',NULL,NULL,NULL,NULL),(1544,1,16,1,-35000,'expenses','cash','','2016-12-08 00:29:34',NULL,NULL,NULL,NULL),(1545,1,2,1,-170,'expenses','cash','Jam-e-Sheeren','2016-12-07 23:35:17',NULL,NULL,NULL,NULL),(1546,1,2,1,-22,'expenses','cash','Eggs','2016-12-07 23:30:05',NULL,NULL,NULL,NULL),(1547,1,15,1,-48,'expenses','cash','Somogel Gel','2016-12-07 23:20:21',NULL,NULL,NULL,NULL),(1548,1,28,1,-1000,'expenses','debit card','','2016-12-07 20:50:32',NULL,NULL,NULL,NULL),(1549,1,2,1,-100,'expenses','cash','Lunch','2016-12-07 12:08:48',NULL,NULL,NULL,NULL),(1550,1,18,1,-1453,'expenses','transfer','Electricity Bill','2016-12-06 23:52:21',NULL,NULL,NULL,NULL),(1551,1,6,1,-35,'expenses','debit card','ATM Fees','2016-12-06 22:30:08',NULL,NULL,NULL,NULL),(1552,1,48,1,-1000,'expenses','cash','Gas refill in Cylinder','2016-12-06 22:15:01',NULL,NULL,NULL,NULL),(1553,1,15,1,-125,'expenses','debit card','Cough Syrup, Vicks','2016-12-06 22:00:55',NULL,NULL,NULL,NULL),(1554,1,16,1,-844,'expenses','debit card','Nido 3+','2016-12-06 21:45:40',NULL,NULL,NULL,NULL),(1555,1,2,1,-116,'expenses','cash','Cigs','2016-12-05 13:45:49',NULL,NULL,NULL,NULL),(1556,1,2,1,-60,'expenses','cash','Lunch','2016-12-05 12:00:50',NULL,NULL,NULL,NULL),(1557,1,6,1,-301,'expenses','cash','Toll Tax','2016-12-03 16:24:51',NULL,NULL,NULL,NULL),(1558,1,28,1,-1000,'expenses','cash','','2016-12-03 15:00:17',NULL,NULL,NULL,NULL),(1559,1,2,1,-300,'expenses','cash','Lunch','2016-12-02 22:51:00',NULL,NULL,NULL,NULL),(1560,1,2,1,-150,'expenses','cash','To Shumaila','2016-12-02 22:00:35',NULL,NULL,NULL,NULL),(1561,1,16,1,-844,'expenses','debit card','Nido 3+','2016-12-01 23:55:45',NULL,NULL,NULL,NULL),(1562,1,15,1,-661,'expenses','debit card','CaC 1000, Calcium -P, Polybion Forté','2016-12-01 23:55:31',NULL,NULL,NULL,NULL),(1563,1,2,1,-100,'expenses','cash','Lunch','2016-12-01 12:00:38',NULL,NULL,NULL,NULL),(1564,1,2,1,-38,'expenses','cash','Lunch','2016-11-30 12:12:10',NULL,NULL,NULL,NULL),(1565,1,31,1,-390,'expenses','debit card','Oil Filter, Air Filter','2016-11-29 21:00:31',NULL,NULL,NULL,NULL),(1566,1,28,1,-1000,'expenses','debit card','','2016-11-29 21:00:06',NULL,NULL,NULL,NULL),(1567,1,2,1,-100,'expenses','cash','Lunch','2016-11-29 12:11:35',NULL,NULL,NULL,NULL),(1568,1,2,1,-30,'expenses','cash','Lunch','2016-11-28 12:19:13',NULL,NULL,NULL,NULL),(1569,1,6,1,-30,'expenses','cash','Toll Tax','2016-11-28 00:37:39',NULL,NULL,NULL,NULL),(1570,1,16,1,-120,'expenses','cash','Milkpak','2016-11-27 16:30:23',NULL,NULL,NULL,NULL),(1571,1,2,1,-258,'expenses','debit card','Samosay','2016-11-27 16:29:50',NULL,NULL,NULL,NULL),(1572,1,18,1,-500,'expenses','voucher','Telenor Bill','2016-11-27 00:31:43',NULL,NULL,NULL,NULL),(1573,1,16,1,-120,'expenses','cash','Milkpak','2016-11-26 16:29:18',NULL,NULL,NULL,NULL),(1574,1,2,1,-844,'expenses','debit card','Nido 3+','2016-11-26 00:25:12',NULL,NULL,NULL,NULL),(1575,1,16,1,-755,'expenses','credit card','Diapers','2016-11-25 21:07:52',NULL,NULL,NULL,NULL),(1576,1,2,1,-116,'expenses','cash','Lunch','2016-11-25 13:08:42',NULL,NULL,NULL,NULL),(1577,1,2,1,-30,'expenses','cash','Cigs','2016-11-24 14:00:23',NULL,NULL,NULL,NULL),(1578,1,28,1,-1000,'expenses','debit card','','2016-11-24 11:05:14',NULL,NULL,NULL,NULL),(1579,1,2,1,-250,'expenses','cash','Coke','2016-11-23 23:31:19',NULL,NULL,NULL,NULL),(1580,1,16,1,-737,'expenses','debit card','Diapers','2016-11-23 23:18:34',NULL,NULL,NULL,NULL),(1581,1,2,1,-100,'expenses','cash','Lunch','2016-11-23 11:30:18',NULL,NULL,NULL,NULL),(1582,1,2,1,-300,'expenses','cash','Coffee','2016-11-22 22:45:44',NULL,NULL,NULL,NULL),(1583,1,62,1,-700,'expenses','cash','Movie','2016-11-22 22:41:51',NULL,NULL,NULL,NULL),(1584,1,2,1,-50,'expenses','cash','Lunch','2016-11-22 11:25:59',NULL,NULL,NULL,NULL),(1585,1,28,1,-500,'expenses','cash','','2016-11-22 11:25:45',NULL,NULL,NULL,NULL),(1586,1,16,1,-844,'expenses','debit card','Nido 3+','2016-11-22 00:27:10',NULL,NULL,NULL,NULL),(1587,1,2,1,-40,'expenses','cash','Cigs','2016-11-21 16:00:24',NULL,NULL,NULL,NULL),(1588,1,61,1,-15,'expenses','debit card','ATM Fees','2016-11-21 15:34:03',NULL,NULL,NULL,NULL),(1589,1,38,1,-885,'expenses','debit card','Thermos Flask','2016-11-20 23:00:44',NULL,NULL,NULL,NULL),(1590,1,2,1,-200,'expenses','debit card','Coke','2016-11-20 22:42:34',NULL,NULL,NULL,NULL),(1591,1,22,1,-1490,'expenses','debit card','Mustafa\'s Clothes','2016-11-20 22:41:50',NULL,NULL,NULL,NULL),(1592,1,2,1,-150,'expenses','cash','','2016-11-20 13:23:26',NULL,NULL,NULL,NULL),(1593,1,2,1,-75,'expenses','cash','Sabzi','2016-11-19 13:22:41',NULL,NULL,NULL,NULL),(1594,1,16,1,-1280,'expenses','debit card','Desi Ghee','2016-11-19 13:21:55',NULL,NULL,NULL,NULL),(1595,1,6,1,-46,'expenses','cash','Parking Fees','2016-11-18 16:29:52',NULL,NULL,NULL,NULL),(1596,1,6,1,-50,'expenses','cash','Parking Fees','2016-11-17 23:14:44',NULL,NULL,NULL,NULL),(1597,1,62,1,-2100,'expenses','debit card','Internet','2016-11-17 18:12:00',NULL,NULL,NULL,NULL),(1598,1,2,1,-124,'expenses','cash','','2016-11-17 18:11:32',NULL,NULL,NULL,NULL),(1599,1,16,1,-844,'expenses','debit card','Nido 3+','2016-11-17 01:18:12',NULL,NULL,NULL,NULL),(1600,1,2,1,-176,'expenses','cash','Lunch','2016-11-16 13:45:38',NULL,NULL,NULL,NULL),(1601,1,8,1,-875,'expenses','cash','Balance Savings','2016-11-16 00:26:38',NULL,NULL,NULL,NULL),(1602,1,28,1,-1000,'expenses','debit card','','2016-11-15 23:57:26',NULL,NULL,NULL,NULL),(1603,1,61,1,-370,'expenses','cash','Office Fine','2016-11-15 00:12:34',NULL,NULL,NULL,NULL),(1604,1,41,1,-3000,'expenses','cash','Faisalabad Trip','2016-11-13 23:59:54',NULL,NULL,NULL,NULL),(1605,1,22,1,-3000,'expenses','cash','','2016-11-12 23:58:54',NULL,NULL,NULL,NULL),(1606,1,48,1,-6000,'expenses','cash','Electricity Bill','2016-11-11 00:03:52',NULL,NULL,NULL,NULL),(1607,1,31,1,-1655,'expenses','debit card','','2016-11-10 23:58:05',NULL,NULL,NULL,NULL),(1608,1,13,1,-5000,'expenses','cash','','2016-11-09 00:31:28',NULL,NULL,NULL,NULL),(1609,1,16,1,-35000,'expenses','cash','','2016-11-09 00:29:34',NULL,NULL,NULL,NULL),(1610,1,16,1,-422,'expenses','cash','Nido 3+','2016-11-08 01:24:56',NULL,NULL,NULL,NULL),(1611,1,28,1,-1000,'expenses','cash','','2016-11-08 00:13:35',NULL,NULL,NULL,NULL),(1612,1,52,1,90000,'income','cash','','2016-11-06 00:34:20',NULL,NULL,NULL,NULL),(1613,1,2,1,-200,'expenses','cash','Electricity Bill','2018-04-02 00:00:00',NULL,NULL,NULL,NULL),(1614,1,33,1,-1000,'expenses','cash','Sprite, Cheetos','2018-04-02 00:00:00',NULL,NULL,NULL,NULL),(1615,1,2,1,-1000,'expenses','cash','Sprite, Cheetos','2018-04-02 10:19:00',NULL,NULL,NULL,NULL),(1616,1,4,1,-2000,'expenses','cash','Testing','2018-04-03 10:25:00',NULL,NULL,NULL,NULL),(1617,1,38,1,-1230,'expenses','cash','Mobile Charger','2018-04-02 18:43:00',NULL,NULL,NULL,NULL),(1618,1,2,1,-150,'expenses','debit card','Cigs','2018-04-02 16:15:00',NULL,NULL,'Me',NULL);
/*!40000 ALTER TABLE `records` ENABLE KEYS */;
UNLOCK TABLES;

--
-- Table structure for table `users`
--

DROP TABLE IF EXISTS `users`;
/*!40101 SET @saved_cs_client     = @@character_set_client */;
/*!40101 SET character_set_client = utf8 */;
CREATE TABLE `users` (
  `id` int(11) NOT NULL AUTO_INCREMENT,
  `username` varchar(50) NOT NULL,
  `password` varchar(100) NOT NULL,
  `last_login` timestamp NULL DEFAULT NULL COMMENT 'Last login date and time',
  `created_date` timestamp NULL DEFAULT NULL,
  `remember_token` varchar(100) NOT NULL,
  `created_at` timestamp NULL DEFAULT NULL,
  `updated_at` timestamp NULL DEFAULT NULL,
  PRIMARY KEY (`id`),
  UNIQUE KEY `username_UNIQUE` (`username`)
) ENGINE=InnoDB DEFAULT CHARSET=latin1;
/*!40101 SET character_set_client = @saved_cs_client */;

--
-- Dumping data for table `users`
--

LOCK TABLES `users` WRITE;
/*!40000 ALTER TABLE `users` DISABLE KEYS */;
/*!40000 ALTER TABLE `users` ENABLE KEYS */;
UNLOCK TABLES;
/*!40103 SET TIME_ZONE=@OLD_TIME_ZONE */;

/*!40101 SET SQL_MODE=@OLD_SQL_MODE */;
/*!40014 SET FOREIGN_KEY_CHECKS=@OLD_FOREIGN_KEY_CHECKS */;
/*!40014 SET UNIQUE_CHECKS=@OLD_UNIQUE_CHECKS */;
/*!40101 SET CHARACTER_SET_CLIENT=@OLD_CHARACTER_SET_CLIENT */;
/*!40101 SET CHARACTER_SET_RESULTS=@OLD_CHARACTER_SET_RESULTS */;
/*!40101 SET COLLATION_CONNECTION=@OLD_COLLATION_CONNECTION */;
/*!40111 SET SQL_NOTES=@OLD_SQL_NOTES */;

-- Dump completed on 2018-04-02  5:01:03
